"di_id","year","value_1","value","value_3"
"MK",1986,0,0,
"SB",1987,,,
"AL",1988,0.08,0.08,
"SB",1989,,,
"SI",1992,0.04,0.04,
"AL",1995,0.87,0.87,
"RO",2011,0,0,0
"AL",1984,0.06,0.06,0.06
"AM",1984,5.98,5.98,5.98
"AO",1984,47.99,47.99,47.99
"AZ",1984,0.51,0.51,0.51
"BA",1984,0.31,0.31,0.31
"BD",1984,35.8,35.8,35.8
"BF",1984,85.57,85.57,85.57
"BG",1984,0.05,0.05,0.05
"BI",1984,85.43,85.43,85.43
"BJ",1984,58.29,58.29,58.29
"BO",1984,10.38,10.38,10.38
"BR",1984,29.9,29.9,29.9
"BT",1984,95.36,95.36,95.36
"BW",1984,45.12,45.12,45.12
"BY",1984,0.1,0.1,0.1
"BZ",1984,21.71,21.71,21.71
"CD",1984,61.35,61.35,61.35
"CF",1984,79.3,79.3,79.3
"CG",1984,38.6,38.6,38.6
"CI",1984,6.81,6.81,6.81
"CL",1984,9.46,9.46,9.46
"CM",1984,19.12,19.12,19.12
"CN",1984,75.76,75.76,75.76
"CO",1984,9.18,9.18,9.18
"CR",1984,20.52,20.52,20.52
"CV",1984,61.17,61.17,61.17
"CZ",1984,0,0,0
"DJ",1984,2.04,2.04,2.04
"DO",1984,37.49,37.49,37.49
"EC",1984,23.98,23.98,23.98
"EE",1984,0.07,0.07,0.07
"ET",1984,56.57,56.57,56.57
"FJ",1984,11.73,11.73,11.73
"FM",1984,16.61,16.61,16.61
"GA",1984,3.49,3.49,3.49
"GE",1984,1.59,1.59,1.59
"GH",1984,44.44,44.44,44.44
"GM",1984,66.52,66.52,66.52
"GN",1984,92.5,92.5,92.5
"GT",1984,49.43,49.43,49.43
"GW",1984,47.15,47.15,47.15
"GY",1984,40.4,40.4,40.4
"HN",1984,38.57,38.57,38.57
"HR",1984,0.06,0.06,0.06
"HT",1984,59.63,59.63,59.63
"HU",1984,0.06,0.06,0.06
"ID",1984,70.31,70.31,70.31
"IN",1984,46.8,46.8,46.8
"IR",1984,6.36,6.36,6.36
"JM",1984,8.67,8.67,8.67
"KE",1984,24.64,24.64,24.64
"KG",1984,0,0,0
"KH",1984,42.35,42.35,42.35
"KI",1984,15.04,15.04,15.04
"KM",1984,9.29,9.29,9.29
"KZ",1984,0.01,0.01,0.01
"LA",1984,46.33,46.33,46.33
"LC",1984,62.89,62.89,62.89
"LK",1984,14.83,14.83,14.83
"MD",1984,0,0,0
"SB",1984,,,
"PL",1989,0.35,0.35,
"AL",1992,0.31,0.31,
"LV",1993,0,0,0
"LT",2000,0.4,0.4,
"HR",2005,0,0,0
"HR",2010,0,0,0
"ID",2013,9.83,9.83,9.83
"IN",2013,17.03,17.03,17.03
"IR",2013,0.08,0.08,0.08
"JM",2013,1.84,1.84,1.84
"KE",2013,25.05,25.05,25.05
"KG",2013,3.26,3.26,3.26
"KH",2013,1.69,1.69,1.69
"KI",2013,13.86,13.86,13.86
"KM",2013,13.96,13.96,13.96
"KZ",2013,0.04,0.04,0.04
"LA",2013,15.09,15.09,15.09
"LC",2013,29.3,29.3,29.3
"LK",2013,1.78,1.78,1.78
"LR",2013,54.08,54.08,54.08
"LS",2013,56.13,56.13,56.13
"LT",2013,1.02,1.02,1.02
"LV",2013,1.23,1.23,1.23
"MA",2013,1.35,1.35,1.35
"MD",2013,0.08,0.08,0.08
"ME",2013,1.04,1.04,1.04
"MG",2013,78.02,78.02,78.02
"MK",2013,2.19,2.19,2.19
"ML",2013,51.72,51.72,51.72
"MN",2013,0.31,0.31,0.31
"MR",2013,6.92,6.92,6.92
"MU",2013,0.5,0.5,0.5
"MV",2013,4.67,4.67,4.67
"MW",2013,70.3,70.3,70.3
"MX",2013,2.83,2.83,2.83
"MY",2013,0.09,0.09,0.09
"MZ",2013,59.95,59.95,59.95
"NA",2013,18.01,18.01,18.01
"NE",2013,47.03,47.03,47.03
"NG",2013,49.74,49.74,49.74
"NI",2013,6.97,6.97,6.97
"NP",2013,8.46,8.46,8.46
"PA",2013,2.86,2.86,2.86
"PE",2013,3.7,3.7,3.7
"PG",2013,31.49,31.49,31.49
"PH",2013,11.69,11.69,11.69
"PK",2013,6.99,6.99,6.99
"PL",2013,0.01,0.01,0.01
"PS",2013,0.27,0.27,0.27
"PY",2013,2.19,2.19,2.19
"RO",2013,0,0,0
"RS",2013,0.19,0.19,0.19
"RU",2013,0.03,0.03,0.03
"RW",2013,60.34,60.34,60.34
"SB",2013,33.05,33.05,33.05
"SC",2013,1.06,1.06,1.06
"SD",2013,9.27,9.27,9.27
"SI",2013,0.03,0.03,0.03
"SK",2013,0.24,0.24,0.24
"SL",2013,31.62,31.62,31.62
"SN",2013,37.52,37.52,37.52
"SR",2013,17.82,17.82,17.82
"SS",2013,70.51,70.51,70.51
"ST",2013,27.94,27.94,27.94
"SV",2013,3.25,3.25,3.25
"SZ",2013,41.06,41.06,41.06
"TD",2013,34.9,34.9,34.9
"TG",2013,51.9,51.9,51.9
"TH",2013,0.04,0.04,0.04
"LR",1984,5.99,5.99,5.99
"LS",1984,75.73,75.73,75.73
"LT",1984,0.14,0.14,0.14
"LV",1984,0.04,0.04,0.04
"MA",1984,11.22,11.22,11.22
"ME",1984,2.98,2.98,2.98
"MG",1984,57.66,57.66,57.66
"MK",1984,0,0,0
"ML",1984,89.69,89.69,89.69
"MN",1984,10.27,10.27,10.27
"MR",1984,41.05,41.05,41.05
"MU",1984,14.91,14.91,14.91
"MV",1984,54.62,54.62,54.62
"MW",1984,65,65,65
"MX",1984,7.93,7.93,7.93
"MY",1984,2.88,2.88,2.88
"MZ",1984,93.76,93.76,93.76
"NA",1984,50.47,50.47,50.47
"NE",1984,73.05,73.05,73.05
"NG",1984,46.65,46.65,46.65
"NI",1984,27.97,27.97,27.97
"NP",1984,75.31,75.31,75.31
"PA",1984,15.38,15.38,15.38
"PE",1984,18.09,18.09,18.09
"PG",1984,62.81,62.81,62.81
"PH",1984,26.11,26.11,26.11
"PK",1984,62.76,62.76,62.76
"PL",1984,0.17,0.17,0.17
"PS",1984,4.94,4.94,4.94
"PY",1984,1.89,1.89,1.89
"RO",1984,0.18,0.18,0.18
"RS",1984,2.58,2.58,2.58
"RU",1984,0.61,0.61,0.61
"RW",1984,62.57,62.57,62.57
"SC",1984,3.15,3.15,3.15
"SD",1984,45.25,45.25,45.25
"SI",1984,0.03,0.03,0.03
"SK",1984,0,0,0
"SL",1984,61.45,61.45,61.45
"SN",1984,66.66,66.66,66.66
"SR",1984,20.87,20.87,20.87
"SS",1984,51.25,51.25,51.25
"ST",1984,41.57,41.57,41.57
"SV",1984,18.69,18.69,18.69
"SZ",1984,91.05,91.05,91.05
"TD",1984,73.17,73.17,73.17
"TG",1984,48.74,48.74,48.74
"TH",1984,17.5,17.5,17.5
"TJ",1984,2.11,2.11,2.11
"TL",1984,99.58,99.58,99.58
"TM",1984,47.33,47.33,47.33
"TN",1984,13.63,13.63,13.63
"TO",1984,5.94,5.94,5.94
"TR",1984,2.8,2.8,2.8
"TT",1984,0,0,0
"TV",1984,16.08,16.08,16.08
"TZ",1984,71.82,71.82,71.82
"UA",1984,1.02,1.02,1.02
"UG",1984,86.59,86.59,86.59
"UY",1984,1.44,1.44,1.44
"UZ",1984,0,0,0
"VE",1984,1.76,1.76,1.76
"VN",1984,75.93,75.93,75.93
"VU",1984,14.62,14.62,14.62
"WS",1984,8.7,8.7,8.7
"XK",1984,1.95,1.95,1.95
"ZA",1984,23.77,23.77,23.77
"ZM",1984,50.99,50.99,50.99
"ZW",1984,6.55,6.55,6.55
"AL",1985,0.06,0.06,
"AM",1985,6.72,6.72,
"AO",1985,47.69,47.69,
"AZ",1985,0.52,0.52,
"BA",1985,0.31,0.31,
"BD",1985,36.98,36.98,
"BF",1985,85.03,85.03,
"BG",1985,0.05,0.05,
"BI",1985,84.17,84.17,
"BJ",1985,58.4,58.4,
"BO",1985,9.84,9.84,
"BR",1985,25.98,25.98,
"BT",1985,94.35,94.35,
"BW",1985,43.54,43.54,
"BY",1985,0.11,0.11,
"BZ",1985,21.35,21.35,
"CD",1985,61.43,61.43,
"CF",1985,79.68,79.68,
"CG",1985,41.3,41.3,
"CI",1985,6.61,6.61,
"CL",1985,9.13,9.13,
"CM",1985,18.71,18.71,
"CN",1985,70.79,70.79,
"CO",1985,9.06,9.06,
"CR",1985,17.87,17.87,
"CV",1985,59.47,59.47,
"CZ",1985,0,0,
"DJ",1985,2.86,2.86,
"DO",1985,37.24,37.24,
"EC",1985,23.71,23.71,
"EE",1985,0.07,0.07,
"ET",1985,56.39,56.39,
"FJ",1985,12.55,12.55,
"FM",1985,16.92,16.92,
"GA",1985,5.3,5.3,
"GE",1985,1.74,1.74,
"GH",1985,43.23,43.23,
"GM",1985,67.52,67.52,
"GN",1985,92.43,92.43,
"GT",1985,48.58,48.58,
"GW",1985,47.21,47.21,
"GY",1985,39.4,39.4,
"HN",1985,38.75,38.75,
"HR",1985,0.06,0.06,
"HT",1985,59.27,59.27,
"HU",1985,0.06,0.06,
"ID",1985,70.25,70.25,
"IN",1985,45.42,45.42,
"IR",1985,7.54,7.54,
"JM",1985,8.43,8.43,
"KE",1985,23.94,23.94,
"KG",1985,0,0,
"KH",1985,41,41,
"KI",1985,16.48,16.48,
"KM",1985,9.61,9.61,
"KZ",1985,0.01,0.01,
"LA",1985,43.87,43.87,
"LC",1985,62.06,62.06,
"LK",1985,13.8,13.8,
"LR",1985,6.26,6.26,
"LS",1985,75.5,75.5,
"LT",1985,0.12,0.12,
"LV",1985,0.04,0.04,
"MA",1985,10.11,10.11,
"MD",1985,0,0,
"ME",1985,2.55,2.55,
"MG",1985,58.64,58.64,
"MK",1985,0,0,
"ML",1985,88.65,88.65,
"MN",1985,9.34,9.34,
"MR",1985,40.72,40.72,
"MU",1985,12.37,12.37,
"MV",1985,52.03,52.03,
"MW",1985,66.67,66.67,
"MX",1985,8.79,8.79,
"MY",1985,2.61,2.61,
"MZ",1985,93.26,93.26,
"NA",1985,50.75,50.75,
"NE",1985,72.02,72.02,
"NG",1985,50.65,50.65,
"NI",1985,27.31,27.31,
"NP",1985,74.19,74.19,
"PA",1985,16.66,16.66,
"PE",1985,16.03,16.03,
"PG",1985,62.33,62.33,
"PH",1985,26.37,26.37,
"PK",1985,62.56,62.56,
"PL",1985,0.15,0.15,
"PS",1985,4.65,4.65,
"PY",1985,1.79,1.79,
"RO",1985,0.2,0.2,
"RS",1985,2.29,2.29,
"RU",1985,0.78,0.78,
"RW",1985,63.81,63.81,
"SB",1985,,,
"SC",1985,2.89,2.89,
"SD",1985,44.41,44.41,
"SI",1985,0.03,0.03,
"SK",1985,0,0,
"SL",1985,61.93,61.93,
"SN",1985,66.27,66.27,
"SR",1985,22.52,22.52,
"SS",1985,50.87,50.87,
"ST",1985,40.82,40.82,
"SV",1985,18.83,18.83,
"SZ",1985,90.11,90.11,
"TD",1985,72.41,72.41,
"TG",1985,49.25,49.25,
"TH",1985,16.8,16.8,
"TJ",1985,2.17,2.17,
"TL",1985,99.34,99.34,
"TM",1985,46.87,46.87,
"TN",1985,13.45,13.45,
"TO",1985,5.45,5.45,
"TR",1985,2.4,2.4,
"TT",1985,0,0,
"TV",1985,14.77,14.77,
"TZ",1985,71.51,71.51,
"UA",1985,0.94,0.94,
"UG",1985,87.32,87.32,
"UY",1985,1.07,1.07,
"UZ",1985,0,0,
"VE",1985,1.45,1.45,
"VN",1985,73.57,73.57,
"VU",1985,14.62,14.62,
"WS",1985,8.07,8.07,
"XK",1985,1.86,1.86,
"ZA",1985,24.57,24.57,
"ZM",1985,51.36,51.36,
"ZW",1985,6.67,6.67,
"AL",1986,0.06,0.06,
"AM",1986,7.45,7.45,
"AO",1986,47.38,47.38,
"AZ",1986,0.52,0.52,
"BA",1986,0.31,0.31,
"BD",1986,38.16,38.16,
"BF",1986,84.48,84.48,
"BG",1986,0.05,0.05,
"BI",1986,82.92,82.92,
"BJ",1986,58.52,58.52,
"BO",1986,9.31,9.31,
"BR",1986,22.05,22.05,
"BT",1986,93.34,93.34,
"BW",1986,41.96,41.96,
"BY",1986,0.13,0.13,
"BZ",1986,21,21,
"CD",1986,61.52,61.52,
"CF",1986,80.05,80.05,
"CG",1986,44,44,
"CI",1986,6.4,6.4,
"CL",1986,8.79,8.79,
"CM",1986,18.3,18.3,
"CN",1986,65.81,65.81,
"CO",1986,8.93,8.93,
"CR",1986,15.23,15.23,
"CV",1986,57.76,57.76,
"CZ",1986,0,0,
"DJ",1986,3.68,3.68,
"DO",1986,36.99,36.99,
"EC",1986,23.43,23.43,
"EE",1986,0.06,0.06,
"ET",1986,56.22,56.22,
"FJ",1986,13.38,13.38,
"FM",1986,17.23,17.23,
"GA",1986,7.11,7.11,
"GE",1986,1.9,1.9,
"GH",1986,42.03,42.03,
"GM",1986,68.51,68.51,
"GN",1986,92.36,92.36,
"GT",1986,47.72,47.72,
"GW",1986,47.26,47.26,
"GY",1986,38.41,38.41,
"HN",1986,38.93,38.93,
"HR",1986,0.05,0.05,
"HT",1986,58.92,58.92,
"HU",1986,0.06,0.06,
"ID",1986,70.19,70.19,
"IN",1986,44.05,44.05,
"IR",1986,8.71,8.71,
"JM",1986,8.19,8.19,
"KE",1986,23.24,23.24,
"KG",1986,0,0,
"KH",1986,39.64,39.64,
"KI",1986,17.93,17.93,
"KM",1986,9.94,9.94,
"KZ",1986,0.02,0.02,
"LA",1986,41.4,41.4,
"LC",1986,61.22,61.22,
"LK",1986,12.77,12.77,
"LR",1986,6.52,6.52,
"LS",1986,75.28,75.28,
"LT",1986,0.11,0.11,
"LV",1986,0.03,0.03,
"MA",1986,8.99,8.99,
"MD",1986,0,0,
"ME",1986,2.12,2.12,
"MG",1986,59.63,59.63,
"ML",1986,87.6,87.6,
"MN",1986,8.42,8.42,
"MR",1986,40.38,40.38,
"MU",1986,9.82,9.82,
"MV",1986,49.43,49.43,
"MW",1986,68.35,68.35,
"MX",1986,9.65,9.65,
"MY",1986,2.33,2.33,
"MZ",1986,92.77,92.77,
"NA",1986,51.02,51.02,
"NE",1986,71,71,
"NG",1986,54.66,54.66,
"NI",1986,26.66,26.66,
"NP",1986,73.08,73.08,
"PA",1986,17.95,17.95,
"PE",1986,13.96,13.96,
"PG",1986,61.86,61.86,
"PH",1986,26.63,26.63,
"PK",1986,62.36,62.36,
"PL",1986,0.14,0.14,
"PS",1986,4.36,4.36,
"PY",1986,1.7,1.7,
"RO",1986,0.22,0.22,
"RS",1986,2,2,
"RU",1986,0.94,0.94,
"RW",1986,65.05,65.05,
"SB",1986,,,
"SC",1986,2.63,2.63,
"SD",1986,43.58,43.58,
"SI",1986,0.02,0.02,
"SK",1986,0,0,
"SL",1986,62.41,62.41,
"SN",1986,65.88,65.88,
"SR",1986,24.18,24.18,
"SS",1986,50.5,50.5,
"ST",1986,40.06,40.06,
"SV",1986,18.96,18.96,
"SZ",1986,89.17,89.17,
"TD",1986,71.65,71.65,
"TG",1986,49.76,49.76,
"TH",1986,16.09,16.09,
"TJ",1986,2.23,2.23,
"TL",1986,99.09,99.09,
"TM",1986,46.4,46.4,
"TN",1986,13.26,13.26,
"TO",1986,4.96,4.96,
"TR",1986,2.01,2.01,
"TT",1986,0,0,
"TV",1986,13.47,13.47,
"TZ",1986,71.2,71.2,
"UA",1986,0.87,0.87,
"UG",1986,88.06,88.06,
"UY",1986,0.71,0.71,
"UZ",1986,0,0,
"VE",1986,1.13,1.13,
"VN",1986,71.22,71.22,
"VU",1986,14.62,14.62,
"WS",1986,7.43,7.43,
"XK",1986,1.77,1.77,
"ZA",1986,25.37,25.37,
"ZM",1986,51.74,51.74,
"ZW",1986,6.78,6.78,
"AL",1987,0.06,0.06,0.06
"AM",1987,8.19,8.19,8.19
"AO",1987,47.08,47.08,47.08
"AZ",1987,0.53,0.53,0.53
"BA",1987,0.31,0.31,0.31
"BD",1987,39.34,39.34,39.34
"BF",1987,83.94,83.94,83.94
"BG",1987,0.05,0.05,0.05
"BI",1987,81.66,81.66,81.66
"BJ",1987,58.63,58.63,58.63
"BO",1987,8.77,8.77,8.77
"BR",1987,18.13,18.13,18.13
"BT",1987,92.33,92.33,92.33
"BW",1987,40.38,40.38,40.38
"BY",1987,0.14,0.14,0.14
"BZ",1987,20.64,20.64,20.64
"CD",1987,61.6,61.6,61.6
"CF",1987,80.43,80.43,80.43
"CG",1987,46.7,46.7,46.7
"CI",1987,6.2,6.2,6.2
"CL",1987,8.46,8.46,8.46
"CM",1987,17.89,17.89,17.89
"CN",1987,60.84,60.84,60.84
"CO",1987,8.81,8.81,8.81
"CR",1987,12.58,12.58,12.58
"CV",1987,56.06,56.06,56.06
"CZ",1987,0,0,0
"DJ",1987,4.5,4.5,4.5
"DO",1987,36.74,36.74,36.74
"EC",1987,23.16,23.16,23.16
"EE",1987,0.06,0.06,0.06
"ET",1987,56.04,56.04,56.04
"FJ",1987,14.2,14.2,14.2
"FM",1987,17.54,17.54,17.54
"GA",1987,8.92,8.92,8.92
"GE",1987,2.05,2.05,2.05
"GH",1987,40.82,40.82,40.82
"GM",1987,69.51,69.51,69.51
"GN",1987,92.29,92.29,92.29
"GT",1987,46.87,46.87,46.87
"GW",1987,47.32,47.32,47.32
"GY",1987,37.41,37.41,37.41
"HN",1987,39.11,39.11,39.11
"HR",1987,0.05,0.05,0.05
"HT",1987,58.56,58.56,58.56
"HU",1987,0.06,0.06,0.06
"ID",1987,70.13,70.13,70.13
"IN",1987,42.67,42.67,42.67
"IR",1987,9.89,9.89,9.89
"JM",1987,7.95,7.95,7.95
"KE",1987,22.54,22.54,22.54
"KG",1987,0,0,0
"KH",1987,38.29,38.29,38.29
"KI",1987,19.37,19.37,19.37
"KM",1987,10.26,10.26,10.26
"KZ",1987,0.02,0.02,0.02
"LA",1987,38.94,38.94,38.94
"LC",1987,60.39,60.39,60.39
"LK",1987,11.74,11.74,11.74
"LR",1987,6.79,6.79,6.79
"LS",1987,75.05,75.05,75.05
"LT",1987,0.09,0.09,0.09
"LV",1987,0.03,0.03,0.03
"MA",1987,7.88,7.88,7.88
"MD",1987,0,0,0
"ME",1987,1.69,1.69,1.69
"MG",1987,60.61,60.61,60.61
"MK",1987,0,0,0
"ML",1987,86.56,86.56,86.56
"MN",1987,7.49,7.49,7.49
"MR",1987,40.05,40.05,40.05
"MU",1987,7.28,7.28,7.28
"MV",1987,46.84,46.84,46.84
"MW",1987,70.02,70.02,70.02
"MX",1987,10.51,10.51,10.51
"MY",1987,2.06,2.06,2.06
"MZ",1987,92.27,92.27,92.27
"NA",1987,51.3,51.3,51.3
"NE",1987,69.97,69.97,69.97
"NG",1987,58.66,58.66,58.66
"NI",1987,26,26,26
"NP",1987,71.96,71.96,71.96
"PA",1987,19.23,19.23,19.23
"PE",1987,11.9,11.9,11.9
"PG",1987,61.38,61.38,61.38
"PH",1987,26.89,26.89,26.89
"PK",1987,62.16,62.16,62.16
"PL",1987,0.12,0.12,0.12
"PS",1987,4.07,4.07,4.07
"PY",1987,1.6,1.6,1.6
"RO",1987,0.24,0.24,0.24
"RS",1987,1.71,1.71,1.71
"RU",1987,1.11,1.11,1.11
"RW",1987,66.29,66.29,66.29
"SC",1987,2.37,2.37,2.37
"SD",1987,42.74,42.74,42.74
"SI",1987,0.02,0.02,0.02
"SK",1987,0,0,0
"SL",1987,62.89,62.89,62.89
"SN",1987,65.49,65.49,65.49
"SR",1987,25.83,25.83,25.83
"SS",1987,50.12,50.12,50.12
"ST",1987,39.31,39.31,39.31
"SV",1987,19.1,19.1,19.1
"SZ",1987,88.23,88.23,88.23
"TD",1987,70.89,70.89,70.89
"TG",1987,50.27,50.27,50.27
"TH",1987,15.39,15.39,15.39
"TJ",1987,2.29,2.29,2.29
"TL",1987,98.85,98.85,98.85
"TM",1987,45.94,45.94,45.94
"TN",1987,13.08,13.08,13.08
"TO",1987,4.47,4.47,4.47
"TR",1987,1.61,1.61,1.61
"TT",1987,0,0,0
"TV",1987,12.16,12.16,12.16
"TZ",1987,70.89,70.89,70.89
"UA",1987,0.79,0.79,0.79
"UG",1987,88.79,88.79,88.79
"UY",1987,0.34,0.34,0.34
"UZ",1987,0,0,0
"VE",1987,0.82,0.82,0.82
"VN",1987,68.86,68.86,68.86
"VU",1987,14.62,14.62,14.62
"WS",1987,6.8,6.8,6.8
"XK",1987,1.68,1.68,1.68
"ZA",1987,26.17,26.17,26.17
"ZM",1987,52.11,52.11,52.11
"ZW",1987,6.9,6.9,6.9
"AM",1988,9.08,9.08,
"AO",1988,46.87,46.87,
"AZ",1988,0.56,0.56,
"BA",1988,0.31,0.31,
"BD",1988,40.04,40.04,
"BF",1988,84.01,84.01,
"BG",1988,0.06,0.06,
"BI",1988,81.62,81.62,
"BJ",1988,58.7,58.7,
"BO",1988,8.76,8.76,
"BR",1988,18.94,18.94,
"BT",1988,90.68,90.68,
"BW",1988,38.11,38.11,
"BY",1988,0.14,0.14,
"BZ",1988,18.28,18.28,
"CD",1988,64.37,64.37,
"CF",1988,80.8,80.8,
"CG",1988,47.15,47.15,
"CI",1988,8.9,8.9,
"CL",1988,8.28,8.28,
"CM",1988,23.07,23.07,
"CN",1988,62.75,62.75,
"CO",1988,8.61,8.61,
"CR",1988,11.69,11.69,
"CV",1988,55.07,55.07,
"CZ",1988,0,0,
"DJ",1988,5.9,5.9,
"DO",1988,34.56,34.56,
"EC",1988,22.68,22.68,
"EE",1988,0.28,0.28,
"ET",1988,57.47,57.47,
"FJ",1988,12.94,12.94,
"FM",1988,17.28,17.28,
"GA",1988,7.76,7.76,
"GE",1988,4.41,4.41,
"GH",1988,41.75,41.75,
"GM",1988,69.43,69.43,
"GN",1988,92.12,92.12,
"GT",1988,43.17,43.17,
"GW",1988,46.18,46.18,
"GY",1988,38.82,38.82,
"HN",1988,40.83,40.83,
"HR",1988,0.12,0.12,
"HT",1988,58.21,58.21,
"HU",1988,0.07,0.07,
"ID",1988,65.84,65.84,
"IN",1988,41.4,41.4,
"IR",1988,8.59,8.59,
"JM",1988,6.82,6.82,
"KE",1988,22.05,22.05,
"KG",1988,11.44,11.44,
"KH",1988,37.13,37.13,
"KI",1988,18.91,18.91,
"KM",1988,10.57,10.57,
"KZ",1988,0.02,0.02,
"LA",1988,35.69,35.69,
"LC",1988,53.92,53.92,
"LK",1988,10.89,10.89,
"LR",1988,20.92,20.92,
"LS",1988,73.89,73.89,
"LT",1988,1.95,1.95,
"LV",1988,0.03,0.03,
"MA",1988,6.74,6.74,
"MD",1988,0.82,0.82,
"ME",1988,1.31,1.31,
"MG",1988,60.27,60.27,
"MK",1988,0.41,0.41,
"ML",1988,86.36,86.36,
"MN",1988,7.61,7.61,
"MR",1988,40.59,40.59,
"MU",1988,6.2,6.2,
"MV",1988,44.35,44.35,
"MW",1988,70.75,70.75,
"MX",1988,10.35,10.35,
"MY",1988,1.85,1.85,
"MZ",1988,91.56,91.56,
"NA",1988,52.07,52.07,
"NE",1988,70.49,70.49,
"NG",1988,56.5,56.5,
"NI",1988,25.33,25.33,
"NP",1988,70.79,70.79,
"PA",1988,21.06,21.06,
"PE",1988,14.65,14.65,
"PG",1988,62.43,62.43,
"PH",1988,26.31,26.31,
"PK",1988,60.55,60.55,
"PL",1988,0.23,0.23,
"PS",1988,3.85,3.85,
"PY",1988,1.46,1.46,
"RO",1988,0.28,0.28,
"RS",1988,1.54,1.54,
"RU",1988,1.46,1.46,
"RW",1988,67.7,67.7,
"SB",1988,,,
"SC",1988,2.03,2.03,
"SD",1988,43.93,43.93,
"SI",1988,0.02,0.02,
"SK",1988,0,0,
"SL",1988,63.6,63.6,
"SN",1988,66.34,66.34,
"SR",1988,24.36,24.36,
"SS",1988,49.7,49.7,
"ST",1988,38.69,38.69,
"SV",1988,19.27,19.27,
"SZ",1988,86.35,86.35,
"TD",1988,69.99,69.99,
"TG",1988,50.02,50.02,
"TH",1988,13.38,13.38,
"TJ",1988,2.32,2.32,
"TL",1988,98.15,98.15,
"TM",1988,38.41,38.41,
"TN",1988,11.99,11.99,
"TO",1988,4.58,4.58,
"TR",1988,1.69,1.69,
"TT",1988,1.14,1.14,
"TV",1988,11.3,11.3,
"TZ",1988,70.13,70.13,
"UA",1988,0.92,0.92,
"UG",1988,85.4,85.4,
"UY",1988,0.48,0.48,
"UZ",1988,0,0,
"VE",1988,2.82,2.82,
"VN",1988,65.75,65.75,
"VU",1988,14.62,14.62,
"WS",1988,6.99,6.99,
"XK",1988,1.66,1.66,
"ZA",1988,26.23,26.23,
"ZM",1988,52.54,52.54,
"ZW",1988,6.05,6.05,
"AL",1989,0.09,0.09,
"AM",1989,9.97,9.97,
"AO",1989,46.67,46.67,
"AZ",1989,0.59,0.59,
"BA",1989,0.31,0.31,
"BD",1989,40.74,40.74,
"BF",1989,84.08,84.08,
"BG",1989,0.06,0.06,
"BI",1989,81.58,81.58,
"BJ",1989,58.77,58.77,
"BO",1989,8.75,8.75,
"BR",1989,19.75,19.75,
"BT",1989,89.04,89.04,
"BW",1989,35.85,35.85,
"BY",1989,0.15,0.15,
"BZ",1989,15.91,15.91,
"CD",1989,67.14,67.14,
"CF",1989,81.18,81.18,
"CG",1989,47.59,47.59,
"CI",1989,11.61,11.61,
"CL",1989,8.1,8.1,
"CM",1989,28.26,28.26,
"CN",1989,64.67,64.67,
"CO",1989,8.42,8.42,
"CR",1989,10.81,10.81,
"CV",1989,54.09,54.09,
"CZ",1989,0.01,0.01,
"DJ",1989,7.3,7.3,
"DO",1989,32.37,32.37,
"EC",1989,22.19,22.19,
"EE",1989,0.49,0.49,
"ET",1989,58.9,58.9,
"FJ",1989,11.69,11.69,
"FM",1989,17.01,17.01,
"GA",1989,6.61,6.61,
"GE",1989,6.77,6.77,
"GH",1989,42.67,42.67,
"GM",1989,69.35,69.35,
"GN",1989,91.96,91.96,
"GT",1989,39.47,39.47,
"GW",1989,45.05,45.05,
"GY",1989,40.23,40.23,
"HN",1989,42.56,42.56,
"HR",1989,0.19,0.19,
"HT",1989,57.87,57.87,
"HU",1989,0.09,0.09,
"ID",1989,61.56,61.56,
"IN",1989,40.13,40.13,
"IR",1989,7.3,7.3,
"JM",1989,5.69,5.69,
"KE",1989,21.55,21.55,
"KG",1989,22.88,22.88,
"KH",1989,35.98,35.98,
"KI",1989,18.46,18.46,
"KM",1989,10.89,10.89,
"KZ",1989,0.03,0.03,
"LA",1989,32.45,32.45,
"LC",1989,47.45,47.45,
"LK",1989,10.04,10.04,
"LR",1989,35.06,35.06,
"LS",1989,72.72,72.72,
"LT",1989,3.8,3.8,
"LV",1989,0.04,0.04,
"MA",1989,5.59,5.59,
"MD",1989,1.63,1.63,
"ME",1989,0.93,0.93,
"MG",1989,59.93,59.93,
"MK",1989,0.81,0.81,
"ML",1989,86.17,86.17,
"MN",1989,7.72,7.72,
"MR",1989,41.13,41.13,
"MU",1989,5.11,5.11,
"MV",1989,41.86,41.86,
"MW",1989,71.48,71.48,
"MX",1989,10.19,10.19,
"MY",1989,1.65,1.65,
"MZ",1989,90.85,90.85,
"NA",1989,52.83,52.83,
"NE",1989,71.02,71.02,
"NG",1989,54.33,54.33,
"NI",1989,24.65,24.65,
"NP",1989,69.62,69.62,
"PA",1989,22.88,22.88,
"PE",1989,17.39,17.39,
"PG",1989,63.49,63.49,
"PH",1989,25.74,25.74,
"PK",1989,58.94,58.94,
"PS",1989,3.62,3.62,
"PY",1989,1.33,1.33,
"RO",1989,0.33,0.33,
"RS",1989,1.37,1.37,
"RU",1989,1.81,1.81,
"RW",1989,69.11,69.11,
"SC",1989,1.7,1.7,
"SD",1989,45.13,45.13,
"SI",1989,0.03,0.03,
"SK",1989,0,0,
"SL",1989,64.32,64.32,
"SN",1989,67.2,67.2,
"SR",1989,22.88,22.88,
"SS",1989,49.28,49.28,
"ST",1989,38.07,38.07,
"SV",1989,19.45,19.45,
"SZ",1989,84.46,84.46,
"TD",1989,69.1,69.1,
"TG",1989,49.76,49.76,
"TH",1989,11.38,11.38,
"TJ",1989,2.36,2.36,
"TL",1989,97.46,97.46,
"TM",1989,30.88,30.88,
"TN",1989,10.91,10.91,
"TO",1989,4.69,4.69,
"TR",1989,1.78,1.78,
"TT",1989,2.27,2.27,
"TV",1989,10.44,10.44,
"TZ",1989,69.37,69.37,
"UA",1989,1.06,1.06,
"UG",1989,82.01,82.01,
"UY",1989,0.61,0.61,
"UZ",1989,0,0,
"VE",1989,4.81,4.81,
"VN",1989,62.63,62.63,
"VU",1989,14.62,14.62,
"WS",1989,7.17,7.17,
"XK",1989,1.65,1.65,
"ZA",1989,26.29,26.29,
"ZM",1989,52.97,52.97,
"ZW",1989,5.19,5.19,
"AL",1990,0.11,0.11,0.11
"AM",1990,10.86,10.86,10.86
"AO",1990,46.46,46.46,46.46
"AZ",1990,0.62,0.62,0.62
"BA",1990,0.31,0.31,0.31
"BD",1990,41.44,41.44,41.44
"BF",1990,84.15,84.15,84.15
"BG",1990,0.07,0.07,0.07
"BI",1990,81.54,81.54,81.54
"BJ",1990,58.84,58.84,58.84
"BO",1990,8.74,8.74,8.74
"BR",1990,20.56,20.56,20.56
"BT",1990,87.39,87.39,87.39
"BW",1990,33.58,33.58,33.58
"BY",1990,0.15,0.15,0.15
"BZ",1990,13.55,13.55,13.55
"CD",1990,69.91,69.91,69.91
"CF",1990,81.55,81.55,81.55
"CG",1990,48.04,48.04,48.04
"CI",1990,14.31,14.31,14.31
"CL",1990,7.92,7.92,7.92
"CM",1990,33.44,33.44,33.44
"CN",1990,66.58,66.58,66.58
"CO",1990,8.22,8.22,8.22
"CR",1990,9.92,9.92,9.92
"CV",1990,53.1,53.1,53.1
"CZ",1990,0.01,0.01,0.01
"DJ",1990,8.7,8.7,8.7
"DO",1990,30.19,30.19,30.19
"EC",1990,21.71,21.71,21.71
"EE",1990,0.71,0.71,0.71
"ET",1990,60.33,60.33,60.33
"FJ",1990,10.43,10.43,10.43
"FM",1990,16.75,16.75,16.75
"GA",1990,5.45,5.45,5.45
"GE",1990,9.13,9.13,9.13
"GH",1990,43.6,43.6,43.6
"GM",1990,69.27,69.27,69.27
"GN",1990,91.79,91.79,91.79
"GT",1990,35.77,35.77,35.77
"GW",1990,43.91,43.91,43.91
"GY",1990,41.64,41.64,41.64
"HN",1990,44.28,44.28,44.28
"HR",1990,0.26,0.26,0.26
"HT",1990,57.52,57.52,57.52
"HU",1990,0.1,0.1,0.1
"ID",1990,57.27,57.27,57.27
"IN",1990,38.86,38.86,38.86
"IR",1990,6,6,6
"JM",1990,4.56,4.56,4.56
"KE",1990,21.06,21.06,21.06
"KG",1990,34.32,34.32,34.32
"KH",1990,34.82,34.82,34.82
"KI",1990,18,18,18
"KM",1990,11.2,11.2,11.2
"KZ",1990,0.03,0.03,0.03
"LA",1990,29.2,29.2,29.2
"LC",1990,40.98,40.98,40.98
"LK",1990,9.19,9.19,9.19
"LR",1990,49.19,49.19,49.19
"LS",1990,71.56,71.56,71.56
"LT",1990,5.66,5.66,5.66
"LV",1990,0.04,0.04,0.04
"MA",1990,4.45,4.45,4.45
"MD",1990,2.45,2.45,2.45
"ME",1990,0.55,0.55,0.55
"MG",1990,59.59,59.59,59.59
"MK",1990,1.22,1.22,1.22
"ML",1990,85.97,85.97,85.97
"MN",1990,7.84,7.84,7.84
"MR",1990,41.67,41.67,41.67
"MU",1990,4.03,4.03,4.03
"MV",1990,39.37,39.37,39.37
"MW",1990,72.21,72.21,72.21
"MX",1990,10.03,10.03,10.03
"MY",1990,1.44,1.44,1.44
"MZ",1990,90.14,90.14,90.14
"NA",1990,53.6,53.6,53.6
"NE",1990,71.54,71.54,71.54
"NG",1990,52.17,52.17,52.17
"NI",1990,23.98,23.98,23.98
"NP",1990,68.45,68.45,68.45
"PA",1990,24.71,24.71,24.71
"PE",1990,20.14,20.14,20.14
"PG",1990,64.54,64.54,64.54
"PH",1990,25.16,25.16,25.16
"PK",1990,57.33,57.33,57.33
"PL",1990,0.46,0.46,0.46
"PS",1990,3.4,3.4,3.4
"PY",1990,1.19,1.19,1.19
"RO",1990,0.37,0.37,0.37
"RS",1990,1.2,1.2,1.2
"RU",1990,2.16,2.16,2.16
"RW",1990,70.52,70.52,70.52
"SB",1990,40.04,40.04,40.04
"SC",1990,1.36,1.36,1.36
"SD",1990,46.32,46.32,46.32
"SI",1990,0.03,0.03,0.03
"SK",1990,0,0,0
"SL",1990,65.03,65.03,65.03
"SN",1990,68.05,68.05,68.05
"SR",1990,21.41,21.41,21.41
"SS",1990,48.86,48.86,48.86
"ST",1990,37.45,37.45,37.45
"SV",1990,19.62,19.62,19.62
"SZ",1990,82.58,82.58,82.58
"TD",1990,68.2,68.2,68.2
"TG",1990,49.51,49.51,49.51
"TH",1990,9.37,9.37,9.37
"TJ",1990,2.39,2.39,2.39
"TL",1990,96.76,96.76,96.76
"TM",1990,23.35,23.35,23.35
"TN",1990,9.82,9.82,9.82
"TO",1990,4.8,4.8,4.8
"TR",1990,1.86,1.86,1.86
"TT",1990,3.41,3.41,3.41
"TV",1990,9.58,9.58,9.58
"TZ",1990,68.61,68.61,68.61
"UA",1990,1.19,1.19,1.19
"UG",1990,78.62,78.62,78.62
"UY",1990,0.75,0.75,0.75
"UZ",1990,0,0,0
"VE",1990,6.81,6.81,6.81
"VN",1990,59.52,59.52,59.52
"VU",1990,14.62,14.62,14.62
"WS",1990,7.36,7.36,7.36
"XK",1990,1.63,1.63,1.63
"ZA",1990,26.35,26.35,26.35
"ZM",1990,53.4,53.4,53.4
"ZW",1990,4.34,4.34,4.34
"AL",1991,0.21,0.21,
"AM",1991,16.57,16.57,
"AO",1991,46.23,46.23,
"AZ",1991,1.49,1.49,
"BA",1991,0.32,0.32,
"BD",1991,40.43,40.43,
"BF",1991,83.77,83.77,
"BG",1991,0.11,0.11,
"BI",1991,81.7,81.7,
"BJ",1991,58.6,58.6,
"BO",1991,9.97,9.97,
"BR",1991,20.35,20.35,
"BT",1991,84.7,84.7,
"BW",1991,33.95,33.95,
"BY",1991,0.13,0.13,
"BZ",1991,12.4,12.4,
"CD",1991,75.46,75.46,
"CF",1991,82.18,82.18,
"CG",1991,48.71,48.71,
"CI",1991,16.96,16.96,
"CL",1991,6.87,6.87,
"CM",1991,38.84,38.84,
"CN",1991,63.39,63.39,
"CO",1991,8.51,8.51,
"CR",1991,9.28,9.28,
"CV",1991,51.22,51.22,
"CZ",1991,0.01,0.01,
"DJ",1991,10.57,10.57,
"DO",1991,21.82,21.82,
"EC",1991,20.67,20.67,
"EE",1991,0.91,0.91,
"ET",1991,63.38,63.38,
"FJ",1991,10.31,10.31,
"FM",1991,15.63,15.63,
"GA",1991,5.56,5.56,
"GE",1991,22.93,22.93,
"GH",1991,43.71,43.71,
"GM",1991,69.28,69.28,
"GN",1991,82.52,82.52,
"GT",1991,32.71,32.71,
"GW",1991,50.61,50.61,
"GY",1991,37.62,37.62,
"HN",1991,37.39,37.39,
"HR",1991,0.32,0.32,
"HT",1991,57.16,57.16,
"HU",1991,0.12,0.12,
"ID",1991,57.2,57.2,
"IN",1991,39.6,39.6,
"IR",1991,4.92,4.92,
"JM",1991,6.29,6.29,
"KE",1991,22.42,22.42,
"KG",1991,37.65,37.65,
"KH",1991,33.68,33.68,
"KI",1991,18.21,18.21,
"KM",1991,11.47,11.47,
"KZ",1991,2.2,2.2,
"LA",1991,27.63,27.63,
"LC",1991,39.63,39.63,
"LK",1991,9.1,9.1,
"LR",1991,63.56,63.56,
"LS",1991,71.04,71.04,
"LT",1991,6.1,6.1,
"LV",1991,0.03,0.03,
"MA",1991,4.94,4.94,
"MD",1991,3.21,3.21,
"ME",1991,0.5,0.5,
"MG",1991,62.63,62.63,
"MK",1991,1.52,1.52,
"ML",1991,85.7,85.7,
"MN",1991,10.7,10.7,
"MR",1991,41.5,41.5,
"MU",1991,3.61,3.61,
"MV",1991,36.78,36.78,
"MW",1991,71.14,71.14,
"MX",1991,9.69,9.69,
"MY",1991,1.46,1.46,
"MZ",1991,90.27,90.27,
"NA",1991,53.27,53.27,
"NE",1991,73.91,73.91,
"NG",1991,54.28,54.28,
"NI",1991,23.34,23.34,
"NP",1991,67.32,67.32,
"PA",1991,22.34,22.34,
"PE",1991,19.42,19.42,
"PG",1991,61.16,61.16,
"PH",1991,25.31,25.31,
"PK",1991,52.16,52.16,
"PL",1991,0.35,0.35,
"PS",1991,3.07,3.07,
"PY",1991,3.48,3.48,
"RO",1991,2.38,2.38,
"RS",1991,1.04,1.04,
"RU",1991,2.23,2.23,
"RW",1991,69.82,69.82,
"SB",1991,37.67,37.67,
"SC",1991,1.28,1.28,
"SD",1991,44.37,44.37,
"SI",1991,0.04,0.04,
"SK",1991,0.07,0.07,
"SL",1991,65.6,65.6,
"SN",1991,66.04,66.04,
"SR",1991,22.88,22.88,
"SS",1991,48.47,48.47,
"ST",1991,36.63,36.63,
"SV",1991,20.16,20.16,
"SZ",1991,82.51,82.51,
"TD",1991,70.02,70.02,
"TG",1991,54.29,54.29,
"TH",1991,7.88,7.88,
"TJ",1991,7.4,7.4,
"TL",1991,95.3,95.3,
"TM",1991,23.7,23.7,
"TN",1991,10,10,
"TO",1991,4.45,4.45,
"TR",1991,1.85,1.85,
"TT",1991,3.35,3.35,
"TV",1991,8.57,8.57,
"TZ",1991,70.23,70.23,
"UA",1991,1.23,1.23,
"UG",1991,74.61,74.61,
"UY",1991,0.71,0.71,
"UZ",1991,14.41,14.41,
"VE",1991,6.25,6.25,
"VN",1991,55.92,55.92,
"VU",1991,14.62,14.62,
"WS",1991,7.45,7.45,
"XK",1991,2,2,
"ZA",1991,27.33,27.33,
"ZM",1991,53.78,53.78,
"ZW",1991,5.24,5.24,
"AM",1992,22.28,22.28,
"AO",1992,46.01,46.01,
"AZ",1992,2.37,2.37,
"BA",1992,0.33,0.33,
"BD",1992,39.43,39.43,
"BF",1992,83.39,83.39,
"BG",1992,0.15,0.15,
"BI",1992,81.85,81.85,
"BJ",1992,58.35,58.35,
"BO",1992,11.19,11.19,
"BR",1992,20.13,20.13,
"BT",1992,82,82,
"BW",1992,34.31,34.31,
"BY",1992,0.11,0.11,
"BZ",1992,11.24,11.24,
"CD",1992,81.02,81.02,
"CF",1992,82.82,82.82,
"CG",1992,49.38,49.38,
"CI",1992,19.62,19.62,
"CL",1992,5.81,5.81,
"CM",1992,44.23,44.23,
"CN",1992,60.19,60.19,
"CO",1992,8.81,8.81,
"CR",1992,8.65,8.65,
"CV",1992,49.34,49.34,
"CZ",1992,0.02,0.02,
"DJ",1992,12.45,12.45,
"DO",1992,13.44,13.44,
"EC",1992,19.63,19.63,
"EE",1992,1.12,1.12,
"ET",1992,66.44,66.44,
"FJ",1992,10.19,10.19,
"FM",1992,14.52,14.52,
"GA",1992,5.67,5.67,
"GE",1992,36.72,36.72,
"GH",1992,43.83,43.83,
"GM",1992,69.3,69.3,
"GN",1992,73.24,73.24,
"GT",1992,29.64,29.64,
"GW",1992,57.32,57.32,
"GY",1992,33.6,33.6,
"HN",1992,30.5,30.5,
"HR",1992,0.37,0.37,
"HT",1992,56.79,56.79,
"HU",1992,0.15,0.15,
"ID",1992,57.13,57.13,
"IN",1992,40.34,40.34,
"IR",1992,3.83,3.83,
"JM",1992,8.02,8.02,
"KE",1992,23.78,23.78,
"KG",1992,40.98,40.98,
"KH",1992,32.55,32.55,
"KI",1992,18.41,18.41,
"KM",1992,11.73,11.73,
"KZ",1992,4.36,4.36,
"LA",1992,26.07,26.07,
"LC",1992,38.27,38.27,
"LK",1992,9,9,
"LR",1992,77.94,77.94,
"LS",1992,70.52,70.52,
"LT",1992,6.53,6.53,
"LV",1992,0.01,0.01,
"MA",1992,5.42,5.42,
"MD",1992,3.98,3.98,
"ME",1992,0.44,0.44,
"MG",1992,65.68,65.68,
"MK",1992,1.82,1.82,
"ML",1992,85.43,85.43,
"MN",1992,13.57,13.57,
"MR",1992,41.33,41.33,
"MU",1992,3.19,3.19,
"MV",1992,34.18,34.18,
"MW",1992,70.07,70.07,
"MX",1992,9.34,9.34,
"MY",1992,1.47,1.47,
"MZ",1992,90.41,90.41,
"NA",1992,52.93,52.93,
"NE",1992,76.27,76.27,
"NG",1992,56.38,56.38,
"NI",1992,22.7,22.7,
"NP",1992,66.19,66.19,
"PA",1992,19.98,19.98,
"PE",1992,18.71,18.71,
"PG",1992,57.78,57.78,
"PH",1992,25.47,25.47,
"PK",1992,46.98,46.98,
"PL",1992,0.25,0.25,
"PS",1992,2.73,2.73,
"PY",1992,5.78,5.78,
"RO",1992,4.39,4.39,
"RS",1992,0.87,0.87,
"RU",1992,2.3,2.3,
"RW",1992,69.13,69.13,
"SB",1992,35.3,35.3,
"SC",1992,1.2,1.2,
"SD",1992,42.42,42.42,
"SK",1992,0.14,0.14,
"SL",1992,66.17,66.17,
"SN",1992,64.02,64.02,
"SR",1992,24.36,24.36,
"SS",1992,48.07,48.07,
"ST",1992,35.81,35.81,
"SV",1992,20.69,20.69,
"SZ",1992,82.43,82.43,
"TD",1992,71.83,71.83,
"TG",1992,59.08,59.08,
"TH",1992,6.39,6.39,
"TJ",1992,12.42,12.42,
"TL",1992,93.85,93.85,
"TM",1992,24.05,24.05,
"TN",1992,10.18,10.18,
"TO",1992,4.1,4.1,
"TR",1992,1.83,1.83,
"TT",1992,3.29,3.29,
"TV",1992,7.57,7.57,
"TZ",1992,71.86,71.86,
"UA",1992,1.28,1.28,
"UG",1992,70.59,70.59,
"UY",1992,0.68,0.68,
"UZ",1992,28.81,28.81,
"VE",1992,5.68,5.68,
"VN",1992,52.31,52.31,
"VU",1992,14.62,14.62,
"WS",1992,7.55,7.55,
"XK",1992,2.37,2.37,
"ZA",1992,28.31,28.31,
"ZM",1992,54.16,54.16,
"ZW",1992,6.14,6.14,
"AL",1993,0.41,0.41,0.41
"AM",1993,27.99,27.99,27.99
"AO",1993,45.78,45.78,45.78
"AZ",1993,3.24,3.24,3.24
"BA",1993,0.34,0.34,0.34
"BD",1993,38.42,38.42,38.42
"BF",1993,83.01,83.01,83.01
"BG",1993,0.19,0.19,0.19
"BI",1993,82.01,82.01,82.01
"BJ",1993,58.11,58.11,58.11
"BO",1993,12.42,12.42,12.42
"BR",1993,19.92,19.92,19.92
"BT",1993,79.31,79.31,79.31
"BW",1993,34.68,34.68,34.68
"BY",1993,0.09,0.09,0.09
"BZ",1993,10.09,10.09,10.09
"CD",1993,86.57,86.57,86.57
"CF",1993,83.45,83.45,83.45
"CG",1993,50.05,50.05,50.05
"CI",1993,22.27,22.27,22.27
"CL",1993,4.76,4.76,4.76
"CM",1993,49.63,49.63,49.63
"CN",1993,57,57,57
"CO",1993,9.1,9.1,9.1
"CR",1993,8.01,8.01,8.01
"CV",1993,47.46,47.46,47.46
"CZ",1993,0.02,0.02,0.02
"DJ",1993,14.32,14.32,14.32
"DO",1993,5.07,5.07,5.07
"EC",1993,18.59,18.59,18.59
"EE",1993,1.32,1.32,1.32
"ET",1993,69.49,69.49,69.49
"FJ",1993,10.07,10.07,10.07
"FM",1993,13.4,13.4,13.4
"GA",1993,5.78,5.78,5.78
"GE",1993,50.52,50.52,50.52
"GH",1993,43.94,43.94,43.94
"GM",1993,69.31,69.31,69.31
"GN",1993,63.97,63.97,63.97
"GT",1993,26.58,26.58,26.58
"GW",1993,64.02,64.02,64.02
"GY",1993,29.58,29.58,29.58
"HN",1993,23.61,23.61,23.61
"HR",1993,0.43,0.43,0.43
"HT",1993,56.43,56.43,56.43
"HU",1993,0.17,0.17,0.17
"ID",1993,57.06,57.06,57.06
"IN",1993,41.08,41.08,41.08
"IR",1993,2.75,2.75,2.75
"JM",1993,9.75,9.75,9.75
"KE",1993,25.14,25.14,25.14
"KG",1993,44.31,44.31,44.31
"KH",1993,31.41,31.41,31.41
"KI",1993,18.62,18.62,18.62
"KM",1993,12,12,12
"KZ",1993,6.53,6.53,6.53
"LA",1993,24.5,24.5,24.5
"LC",1993,36.92,36.92,36.92
"LK",1993,8.91,8.91,8.91
"LR",1993,92.31,92.31,92.31
"LS",1993,70,70,70
"LT",1993,6.97,6.97,6.97
"MA",1993,5.91,5.91,5.91
"MD",1993,4.74,4.74,4.74
"ME",1993,0.39,0.39,0.39
"MG",1993,68.72,68.72,68.72
"MK",1993,2.12,2.12,2.12
"ML",1993,85.16,85.16,85.16
"MN",1993,16.43,16.43,16.43
"MR",1993,41.16,41.16,41.16
"MU",1993,2.77,2.77,2.77
"MV",1993,31.59,31.59,31.59
"MW",1993,69,69,69
"MX",1993,9,9,9
"MY",1993,1.49,1.49,1.49
"MZ",1993,90.54,90.54,90.54
"NA",1993,52.6,52.6,52.6
"NE",1993,78.64,78.64,78.64
"NG",1993,58.49,58.49,58.49
"NI",1993,22.06,22.06,22.06
"NP",1993,65.06,65.06,65.06
"PA",1993,17.61,17.61,17.61
"PE",1993,17.99,17.99,17.99
"PG",1993,54.4,54.4,54.4
"PH",1993,25.62,25.62,25.62
"PK",1993,41.81,41.81,41.81
"PL",1993,0.14,0.14,0.14
"PS",1993,2.4,2.4,2.4
"PY",1993,8.07,8.07,8.07
"RO",1993,6.4,6.4,6.4
"RS",1993,0.71,0.71,0.71
"RU",1993,2.37,2.37,2.37
"RW",1993,68.43,68.43,68.43
"SB",1993,32.93,32.93,32.93
"SC",1993,1.12,1.12,1.12
"SD",1993,40.47,40.47,40.47
"SI",1993,0.05,0.05,0.05
"SK",1993,0.21,0.21,0.21
"SL",1993,66.74,66.74,66.74
"SN",1993,62.01,62.01,62.01
"SR",1993,25.83,25.83,25.83
"SS",1993,47.68,47.68,47.68
"ST",1993,34.99,34.99,34.99
"SV",1993,21.23,21.23,21.23
"SZ",1993,82.36,82.36,82.36
"TD",1993,73.65,73.65,73.65
"TG",1993,63.86,63.86,63.86
"TH",1993,4.9,4.9,4.9
"TJ",1993,17.43,17.43,17.43
"TL",1993,92.39,92.39,92.39
"TM",1993,24.4,24.4,24.4
"TN",1993,10.36,10.36,10.36
"TO",1993,3.75,3.75,3.75
"TR",1993,1.82,1.82,1.82
"TT",1993,3.23,3.23,3.23
"TV",1993,6.56,6.56,6.56
"TZ",1993,73.48,73.48,73.48
"UA",1993,1.32,1.32,1.32
"UG",1993,66.58,66.58,66.58
"UY",1993,0.64,0.64,0.64
"UZ",1993,43.22,43.22,43.22
"VE",1993,5.12,5.12,5.12
"VN",1993,48.71,48.71,48.71
"VU",1993,14.62,14.62,14.62
"WS",1993,7.64,7.64,7.64
"XK",1993,2.74,2.74,2.74
"ZA",1993,29.29,29.29,29.29
"ZM",1993,54.54,54.54,54.54
"ZW",1993,7.04,7.04,7.04
"AL",1994,0.64,0.64,
"AM",1994,24.63,24.63,
"AO",1994,45.52,45.52,
"AZ",1994,4.41,4.41,
"BA",1994,0.55,0.55,
"BD",1994,37.66,37.66,
"BF",1994,82.7,82.7,
"BG",1994,0.37,0.37,
"BI",1994,82.74,82.74,
"BJ",1994,57.72,57.72,
"BO",1994,14.38,14.38,
"BR",1994,18,18,
"BT",1994,75.82,75.82,
"BW",1994,34.05,34.05,
"BY",1994,0.27,0.27,
"BZ",1994,10.95,10.95,
"CD",1994,87.6,87.6,
"CF",1994,81.55,81.55,
"CG",1994,50.93,50.93,
"CI",1994,21.68,21.68,
"CL",1994,4.29,4.29,
"CM",1994,49.11,49.11,
"CN",1994,52.02,52.02,
"CO",1994,11.27,11.27,
"CR",1994,7.99,7.99,
"CV",1994,42.23,42.23,
"CZ",1994,0.06,0.06,
"DJ",1994,15.9,15.9,
"DO",1994,5.02,5.02,
"EC",1994,18.26,18.26,
"EE",1994,1,1,
"ET",1994,66.72,66.72,
"FJ",1994,9.19,9.19,
"FM",1994,13.44,13.44,
"GA",1994,5.52,5.52,
"GE",1994,35.69,35.69,
"GH",1994,42.09,42.09,
"GM",1994,70.12,70.12,
"GN",1994,60.31,60.31,
"GT",1994,23.75,23.75,
"GW",1994,59.02,59.02,
"GY",1994,24.89,24.89,
"HN",1994,25.86,25.86,
"HR",1994,0.44,0.44,
"HT",1994,56.02,56.02,
"HU",1994,0.19,0.19,
"ID",1994,53.34,53.34,
"IN",1994,40.33,40.33,
"IR",1994,2.95,2.95,
"JM",1994,7.64,7.64,
"KE",1994,23.3,23.3,
"KG",1994,43.76,43.76,
"KH",1994,29.96,29.96,
"KI",1994,18.21,18.21,
"KM",1994,12.88,12.88,
"KZ",1994,6.46,6.46,
"LA",1994,26.05,26.05,
"LC",1994,35.93,35.93,
"LK",1994,8.9,8.9,
"LR",1994,93.68,93.68,
"LS",1994,69.35,69.35,
"LT",1994,4.65,4.65,
"LV",1994,0.52,0.52,
"MA",1994,5.73,5.73,
"MD",1994,12.34,12.34,
"ME",1994,0.39,0.39,
"MG",1994,68.39,68.39,
"MK",1994,1.83,1.83,
"ML",1994,83.7,83.7,
"MN",1994,17.24,17.24,
"MR",1994,34.03,34.03,
"MU",1994,2.49,2.49,
"MV",1994,28.27,28.27,
"MW",1994,67.59,67.59,
"MX",1994,10.7,10.7,
"MY",1994,1.21,1.21,
"MZ",1994,88.93,88.93,
"NA",1994,52.62,52.62,
"NE",1994,79.23,79.23,
"NG",1994,60.16,60.16,
"NI",1994,21.07,21.07,
"NP",1994,63.43,63.43,
"PA",1994,17.03,17.03,
"PE",1994,18.11,18.11,
"PG",1994,54.01,54.01,
"PH",1994,24,24,
"PK",1994,33.95,33.95,
"PL",1994,0.95,0.95,
"PS",1994,2.19,2.19,
"PY",1994,9.3,9.3,
"RO",1994,7.05,7.05,
"RS",1994,0.65,0.65,
"RU",1994,2.78,2.78,
"RW",1994,72.42,72.42,
"SB",1994,31.24,31.24,
"SC",1994,1.2,1.2,
"SD",1994,39.9,39.9,
"SI",1994,0.06,0.06,
"SK",1994,0.31,0.31,
"SL",1994,66.77,66.77,
"SN",1994,60.25,60.25,
"SR",1994,25.01,25.01,
"SS",1994,47.36,47.36,
"ST",1994,34.27,34.27,
"SV",1994,21.48,21.48,
"SZ",1994,77.14,77.14,
"TD",1994,73.11,73.11,
"TG",1994,60.25,60.25,
"TH",1994,4.02,4.02,
"TJ",1994,31.46,31.46,
"TL",1994,88.53,88.53,
"TM",1994,28.86,28.86,
"TN",1994,10.17,10.17,
"TO",1994,3.64,3.64,
"TR",1994,1.88,1.88,
"TT",1994,3.52,3.52,
"TV",1994,6.74,6.74,
"TZ",1994,75.29,75.29,
"UA",1994,2.67,2.67,
"UG",1994,64.32,64.32,
"UY",1994,0.63,0.63,
"UZ",1994,45.02,45.02,
"VE",1994,6.84,6.84,
"VN",1994,45.61,45.61,
"VU",1994,14.62,14.62,
"WS",1994,7.06,7.06,
"XK",1994,2.82,2.82,
"ZA",1994,30.8,30.8,
"ZM",1994,50.27,50.27,
"ZW",1994,5.88,5.88,
"AM",1995,21.26,21.26,
"AO",1995,45.26,45.26,
"AZ",1995,5.59,5.59,
"BA",1995,0.76,0.76,
"BD",1995,36.91,36.91,
"BF",1995,82.39,82.39,
"BG",1995,0.55,0.55,
"BI",1995,83.46,83.46,
"BJ",1995,57.32,57.32,
"BO",1995,16.33,16.33,
"BR",1995,16.09,16.09,
"BT",1995,72.32,72.32,
"BW",1995,33.43,33.43,
"BY",1995,0.45,0.45,
"BZ",1995,11.81,11.81,
"CD",1995,88.62,88.62,
"CF",1995,79.64,79.64,
"CG",1995,51.81,51.81,
"CI",1995,21.09,21.09,
"CL",1995,3.82,3.82,
"CM",1995,48.6,48.6,
"CN",1995,47.03,47.03,
"CO",1995,13.45,13.45,
"CR",1995,7.98,7.98,
"CV",1995,37,37,
"CZ",1995,0.11,0.11,
"DJ",1995,17.48,17.48,
"DO",1995,4.98,4.98,
"EC",1995,17.94,17.94,
"EE",1995,0.69,0.69,
"ET",1995,63.94,63.94,
"FJ",1995,8.31,8.31,
"FM",1995,13.48,13.48,
"GA",1995,5.26,5.26,
"GE",1995,20.87,20.87,
"GH",1995,40.25,40.25,
"GM",1995,70.92,70.92,
"GN",1995,56.65,56.65,
"GT",1995,20.93,20.93,
"GW",1995,54.03,54.03,
"GY",1995,20.19,20.19,
"HN",1995,28.1,28.1,
"HR",1995,0.46,0.46,
"HT",1995,55.62,55.62,
"HU",1995,0.22,0.22,
"ID",1995,49.61,49.61,
"IN",1995,39.57,39.57,
"IR",1995,3.16,3.16,
"JM",1995,5.54,5.54,
"KE",1995,21.45,21.45,
"KG",1995,43.22,43.22,
"KH",1995,28.51,28.51,
"KI",1995,17.8,17.8,
"KM",1995,13.75,13.75,
"KZ",1995,6.4,6.4,
"LA",1995,27.61,27.61,
"LC",1995,34.94,34.94,
"LK",1995,8.88,8.88,
"LR",1995,95.05,95.05,
"LS",1995,68.71,68.71,
"LT",1995,2.32,2.32,
"LV",1995,1.05,1.05,
"MA",1995,5.56,5.56,
"MD",1995,19.95,19.95,
"ME",1995,0.39,0.39,
"MG",1995,68.07,68.07,
"MK",1995,1.55,1.55,
"ML",1995,82.24,82.24,
"MN",1995,18.05,18.05,
"MR",1995,26.89,26.89,
"MU",1995,2.21,2.21,
"MV",1995,24.96,24.96,
"MW",1995,66.17,66.17,
"MX",1995,12.39,12.39,
"MY",1995,0.92,0.92,
"MZ",1995,87.33,87.33,
"NA",1995,52.65,52.65,
"NE",1995,79.83,79.83,
"NG",1995,61.83,61.83,
"NI",1995,20.08,20.08,
"NP",1995,61.79,61.79,
"PA",1995,16.46,16.46,
"PE",1995,18.23,18.23,
"PG",1995,53.62,53.62,
"PH",1995,22.37,22.37,
"PK",1995,26.09,26.09,
"PL",1995,1.76,1.76,
"PS",1995,1.99,1.99,
"PY",1995,10.52,10.52,
"RO",1995,7.71,7.71,
"RS",1995,0.58,0.58,
"RU",1995,3.19,3.19,
"RW",1995,76.42,76.42,
"SB",1995,29.54,29.54,
"SC",1995,1.28,1.28,
"SD",1995,39.32,39.32,
"SI",1995,0.06,0.06,
"SK",1995,0.42,0.42,
"SL",1995,66.79,66.79,
"SN",1995,58.5,58.5,
"SR",1995,24.2,24.2,
"SS",1995,47.03,47.03,
"ST",1995,33.55,33.55,
"SV",1995,21.72,21.72,
"SZ",1995,71.91,71.91,
"TD",1995,72.56,72.56,
"TG",1995,56.64,56.64,
"TH",1995,3.13,3.13,
"TJ",1995,45.49,45.49,
"TL",1995,84.68,84.68,
"TM",1995,33.31,33.31,
"TN",1995,9.98,9.98,
"TO",1995,3.52,3.52,
"TR",1995,1.95,1.95,
"TT",1995,3.82,3.82,
"TV",1995,6.93,6.93,
"TZ",1995,77.11,77.11,
"UA",1995,4.02,4.02,
"UG",1995,62.07,62.07,
"UY",1995,0.63,0.63,
"UZ",1995,46.83,46.83,
"VE",1995,8.55,8.55,
"VN",1995,42.52,42.52,
"VU",1995,14.62,14.62,
"WS",1995,6.47,6.47,
"XK",1995,2.91,2.91,
"ZA",1995,32.3,32.3,
"ZM",1995,46,46,
"ZW",1995,4.72,4.72,
"AL",1996,1.1,1.1,1.1
"AM",1996,17.9,17.9,17.9
"AO",1996,45,45,45
"AZ",1996,6.76,6.76,6.76
"BA",1996,0.97,0.97,0.97
"BD",1996,36.15,36.15,36.15
"BF",1996,82.08,82.08,82.08
"BG",1996,0.73,0.73,0.73
"BI",1996,84.19,84.19,84.19
"BJ",1996,56.93,56.93,56.93
"BO",1996,18.29,18.29,18.29
"BR",1996,14.17,14.17,14.17
"BT",1996,68.83,68.83,68.83
"BW",1996,32.8,32.8,32.8
"BY",1996,0.63,0.63,0.63
"BZ",1996,12.67,12.67,12.67
"CD",1996,89.65,89.65,89.65
"CF",1996,77.74,77.74,77.74
"CG",1996,52.69,52.69,52.69
"CI",1996,20.5,20.5,20.5
"CL",1996,3.35,3.35,3.35
"CM",1996,48.08,48.08,48.08
"CN",1996,42.05,42.05,42.05
"CO",1996,15.62,15.62,15.62
"CR",1996,7.96,7.96,7.96
"CV",1996,31.77,31.77,31.77
"CZ",1996,0.15,0.15,0.15
"DJ",1996,19.06,19.06,19.06
"DO",1996,4.93,4.93,4.93
"EC",1996,17.61,17.61,17.61
"EE",1996,0.37,0.37,0.37
"ET",1996,61.17,61.17,61.17
"FJ",1996,7.43,7.43,7.43
"FM",1996,13.52,13.52,13.52
"GA",1996,5,5,5
"GE",1996,6.04,6.04,6.04
"GH",1996,38.4,38.4,38.4
"GM",1996,71.73,71.73,71.73
"GN",1996,52.99,52.99,52.99
"GT",1996,18.1,18.1,18.1
"GW",1996,49.03,49.03,49.03
"GY",1996,15.5,15.5,15.5
"HN",1996,30.35,30.35,30.35
"HR",1996,0.47,0.47,0.47
"HT",1996,55.21,55.21,55.21
"HU",1996,0.24,0.24,0.24
"ID",1996,45.89,45.89,45.89
"IN",1996,38.82,38.82,38.82
"IR",1996,3.36,3.36,3.36
"JM",1996,3.43,3.43,3.43
"KE",1996,19.61,19.61,19.61
"KG",1996,42.67,42.67,42.67
"KH",1996,27.06,27.06,27.06
"KI",1996,17.39,17.39,17.39
"KM",1996,14.63,14.63,14.63
"KZ",1996,6.33,6.33,6.33
"LA",1996,29.16,29.16,29.16
"LC",1996,33.95,33.95,33.95
"LK",1996,8.87,8.87,8.87
"LR",1996,96.42,96.42,96.42
"LS",1996,68.06,68.06,68.06
"LT",1996,0,0,0
"LV",1996,1.57,1.57,1.57
"MA",1996,5.38,5.38,5.38
"MD",1996,27.55,27.55,27.55
"ME",1996,0.39,0.39,0.39
"MG",1996,67.74,67.74,67.74
"MK",1996,1.26,1.26,1.26
"ML",1996,80.78,80.78,80.78
"MN",1996,18.86,18.86,18.86
"MR",1996,19.76,19.76,19.76
"MU",1996,1.93,1.93,1.93
"MV",1996,21.64,21.64,21.64
"MW",1996,64.76,64.76,64.76
"MX",1996,14.09,14.09,14.09
"MY",1996,0.64,0.64,0.64
"MZ",1996,85.72,85.72,85.72
"NA",1996,52.67,52.67,52.67
"NE",1996,80.42,80.42,80.42
"NG",1996,63.5,63.5,63.5
"NI",1996,19.09,19.09,19.09
"NP",1996,60.16,60.16,60.16
"PA",1996,15.88,15.88,15.88
"PE",1996,18.35,18.35,18.35
"PG",1996,53.23,53.23,53.23
"PH",1996,20.75,20.75,20.75
"PK",1996,18.23,18.23,18.23
"PL",1996,2.57,2.57,2.57
"PS",1996,1.78,1.78,1.78
"PY",1996,11.75,11.75,11.75
"RO",1996,8.36,8.36,8.36
"RS",1996,0.52,0.52,0.52
"RU",1996,3.6,3.6,3.6
"RW",1996,80.41,80.41,80.41
"SB",1996,27.85,27.85,27.85
"SC",1996,1.36,1.36,1.36
"SD",1996,38.75,38.75,38.75
"SI",1996,0.07,0.07,0.07
"SK",1996,0.52,0.52,0.52
"SL",1996,66.82,66.82,66.82
"SN",1996,56.74,56.74,56.74
"SR",1996,23.38,23.38,23.38
"SS",1996,46.71,46.71,46.71
"ST",1996,32.83,32.83,32.83
"SV",1996,21.97,21.97,21.97
"SZ",1996,66.69,66.69,66.69
"TD",1996,72.02,72.02,72.02
"TG",1996,53.03,53.03,53.03
"TH",1996,2.25,2.25,2.25
"TJ",1996,59.52,59.52,59.52
"TL",1996,80.82,80.82,80.82
"TM",1996,37.77,37.77,37.77
"TN",1996,9.79,9.79,9.79
"TO",1996,3.41,3.41,3.41
"TR",1996,2.01,2.01,2.01
"TT",1996,4.11,4.11,4.11
"TV",1996,7.11,7.11,7.11
"TZ",1996,78.92,78.92,78.92
"UA",1996,5.37,5.37,5.37
"UG",1996,59.81,59.81,59.81
"UY",1996,0.62,0.62,0.62
"UZ",1996,48.63,48.63,48.63
"VE",1996,10.27,10.27,10.27
"VN",1996,39.42,39.42,39.42
"VU",1996,14.62,14.62,14.62
"WS",1996,5.89,5.89,5.89
"XK",1996,2.99,2.99,2.99
"ZA",1996,33.81,33.81,33.81
"ZM",1996,41.73,41.73,41.73
"ZW",1996,3.56,3.56,3.56
"AL",1997,1.79,1.79,
"AM",1997,17.56,17.56,
"AO",1997,44.73,44.73,
"AZ",1997,5.88,5.88,
"BA",1997,0.77,0.77,
"BD",1997,36.03,36.03,
"BF",1997,80.1,80.1,
"BG",1997,1.28,1.28,
"BI",1997,84.08,84.08,
"BJ",1997,55.66,55.66,
"BO",1997,20.63,20.63,
"BR",1997,13.9,13.9,
"BT",1997,64.76,64.76,
"BW",1997,31.58,31.58,
"BY",1997,3.84,3.84,
"BZ",1997,13.09,13.09,
"CD",1997,90.78,90.78,
"CF",1997,75.09,75.09,
"CG",1997,54.05,54.05,
"CI",1997,21.77,21.77,
"CL",1997,3.49,3.49,
"CM",1997,42.3,42.3,
"CN",1997,41.55,41.55,
"CO",1997,16.85,16.85,
"CR",1997,7.43,7.43,
"CV",1997,28.2,28.2,
"CZ",1997,0.13,0.13,
"DJ",1997,19.62,19.62,
"DO",1997,5.05,5.05,
"EC",1997,19.01,19.01,
"EE",1997,0.54,0.54,
"ET",1997,59.97,59.97,
"FJ",1997,7.05,7.05,
"FM",1997,13.73,13.73,
"GA",1997,5.55,5.55,
"GE",1997,10.66,10.66,
"GH",1997,36.54,36.54,
"GM",1997,66.84,66.84,
"GN",1997,54.3,54.3,
"GT",1997,15.91,15.91,
"GW",1997,52.91,52.91,
"GY",1997,14.82,14.82,
"HN",1997,29.05,29.05,
"HR",1997,0.39,0.39,
"HT",1997,54.9,54.9,
"HU",1997,0.17,0.17,
"ID",1997,43.92,43.92,
"IN",1997,38.35,38.35,
"IR",1997,3.27,3.27,
"JM",1997,3.16,3.16,
"KE",1997,21.31,21.31,
"KG",1997,36.12,36.12,
"KH",1997,26.32,26.32,
"KI",1997,16.29,16.29,
"KM",1997,14.75,14.75,
"KZ",1997,7.6,7.6,
"LA",1997,28.27,28.27,
"LC",1997,33.21,33.21,
"LK",1997,8.73,8.73,
"LR",1997,86.39,86.39,
"LS",1997,67.18,67.18,
"LT",1997,0.12,0.12,
"LV",1997,1.5,1.5,
"MA",1997,6.08,6.08,
"MD",1997,31.4,31.4,
"ME",1997,0.39,0.39,
"MG",1997,66.54,66.54,
"MK",1997,2.21,2.21,
"ML",1997,75.06,75.06,
"MN",1997,19.6,19.6,
"MR",1997,19.42,19.42,
"MU",1997,1.72,1.72,
"MV",1997,19.95,19.95,
"MW",1997,64.83,64.83,
"MX",1997,13.69,13.69,
"MY",1997,0.83,0.83,
"MZ",1997,84.73,84.73,
"NA",1997,47.94,47.94,
"NE",1997,79.56,79.56,
"NG",1997,64.48,64.48,
"NI",1997,18.35,18.35,
"NP",1997,57.37,57.37,
"PA",1997,15.05,15.05,
"PE",1997,18.11,18.11,
"PG",1997,53.96,53.96,
"PH",1997,20.06,20.06,
"PK",1997,19.58,19.58,
"PL",1997,1.73,1.73,
"PS",1997,1.28,1.28,
"PY",1997,11.24,11.24,
"RO",1997,7.73,7.73,
"RS",1997,0.51,0.51,
"RU",1997,3.53,3.53,
"RW",1997,79.73,79.73,
"SB",1997,29.23,29.23,
"SC",1997,1.1,1.1,
"SD",1997,36.98,36.98,
"SI",1997,0.05,0.05,
"SK",1997,0.48,0.48,
"SL",1997,67.57,67.57,
"SN",1997,54.84,54.84,
"SR",1997,23.38,23.38,
"SS",1997,46.36,46.36,
"ST",1997,32.13,32.13,
"SV",1997,20.07,20.07,
"SZ",1997,61.6,61.6,
"TD",1997,71.87,71.87,
"TG",1997,51.9,51.9,
"TH",1997,2.35,2.35,
"TJ",1997,57.8,57.8,
"TL",1997,73.74,73.74,
"TM",1997,36.74,36.74,
"TN",1997,8.61,8.61,
"TO",1997,3.25,3.25,
"TR",1997,1.86,1.86,
"TT",1997,3.36,3.36,
"TV",1997,5.84,5.84,
"TZ",1997,80.35,80.35,
"UA",1997,6.33,6.33,
"UG",1997,60.74,60.74,
"UY",1997,0.61,0.61,
"UZ",1997,51.27,51.27,
"VE",1997,10.23,10.23,
"VN",1997,38.07,38.07,
"VU",1997,14.64,14.64,
"WS",1997,5.57,5.57,
"XK",1997,2.73,2.73,
"ZA",1997,33.79,33.79,
"ZM",1997,42.5,42.5,
"ZW",1997,3.52,3.52,
"AL",1998,2.49,2.49,
"AM",1998,17.22,17.22,
"AO",1998,44.46,44.46,
"AZ",1998,5.01,5.01,
"BA",1998,0.56,0.56,
"BD",1998,35.9,35.9,
"BF",1998,78.11,78.11,
"BG",1998,1.84,1.84,
"BI",1998,83.98,83.98,
"BJ",1998,54.39,54.39,
"BO",1998,22.96,22.96,
"BR",1998,13.63,13.63,
"BT",1998,60.7,60.7,
"BW",1998,30.36,30.36,
"BY",1998,7.04,7.04,
"BZ",1998,13.5,13.5,
"CD",1998,91.92,91.92,
"CF",1998,72.44,72.44,
"CG",1998,55.41,55.41,
"CI",1998,23.04,23.04,
"CL",1998,3.62,3.62,
"CM",1998,36.51,36.51,
"CN",1998,41.04,41.04,
"CO",1998,18.09,18.09,
"CR",1998,6.9,6.9,
"CV",1998,24.64,24.64,
"CZ",1998,0.12,0.12,
"DJ",1998,20.17,20.17,
"DO",1998,5.17,5.17,
"EC",1998,20.42,20.42,
"EE",1998,0.7,0.7,
"ET",1998,58.77,58.77,
"FJ",1998,6.68,6.68,
"FM",1998,13.95,13.95,
"GA",1998,6.1,6.1,
"GE",1998,15.28,15.28,
"GH",1998,34.68,34.68,
"GM",1998,61.94,61.94,
"GN",1998,55.62,55.62,
"GT",1998,13.72,13.72,
"GW",1998,56.79,56.79,
"GY",1998,14.15,14.15,
"HN",1998,27.75,27.75,
"HR",1998,0.32,0.32,
"HT",1998,54.59,54.59,
"HU",1998,0.1,0.1,
"ID",1998,41.96,41.96,
"IN",1998,37.87,37.87,
"IR",1998,3.18,3.18,
"JM",1998,2.88,2.88,
"KE",1998,23.01,23.01,
"KG",1998,29.58,29.58,
"KH",1998,25.58,25.58,
"KI",1998,15.19,15.19,
"KM",1998,14.86,14.86,
"KZ",1998,8.88,8.88,
"LA",1998,27.37,27.37,
"LC",1998,32.46,32.46,
"LK",1998,8.6,8.6,
"LR",1998,76.36,76.36,
"LS",1998,66.29,66.29,
"LT",1998,0.23,0.23,
"LV",1998,1.42,1.42,
"MA",1998,6.78,6.78,
"MD",1998,35.25,35.25,
"ME",1998,0.39,0.39,
"MG",1998,65.33,65.33,
"MK",1998,3.15,3.15,
"ML",1998,69.34,69.34,
"MN",1998,20.34,20.34,
"MR",1998,19.07,19.07,
"MU",1998,1.51,1.51,
"MV",1998,18.26,18.26,
"MW",1998,64.89,64.89,
"MX",1998,13.29,13.29,
"MY",1998,1.01,1.01,
"MZ",1998,83.74,83.74,
"NA",1998,43.2,43.2,
"NE",1998,78.69,78.69,
"NG",1998,65.47,65.47,
"NI",1998,17.62,17.62,
"NP",1998,54.58,54.58,
"PA",1998,14.22,14.22,
"PE",1998,17.87,17.87,
"PG",1998,54.68,54.68,
"PH",1998,19.37,19.37,
"PK",1998,20.94,20.94,
"PL",1998,0.9,0.9,
"PS",1998,0.78,0.78,
"PY",1998,10.72,10.72,
"RO",1998,7.09,7.09,
"RS",1998,0.51,0.51,
"RU",1998,3.47,3.47,
"RW",1998,79.04,79.04,
"SB",1998,30.61,30.61,
"SC",1998,0.84,0.84,
"SD",1998,35.22,35.22,
"SI",1998,0.04,0.04,
"SK",1998,0.44,0.44,
"SL",1998,68.31,68.31,
"SN",1998,52.95,52.95,
"SR",1998,23.38,23.38,
"SS",1998,46.02,46.02,
"ST",1998,31.42,31.42,
"SV",1998,18.17,18.17,
"SZ",1998,56.51,56.51,
"TD",1998,71.73,71.73,
"TG",1998,50.77,50.77,
"TH",1998,2.44,2.44,
"TJ",1998,56.09,56.09,
"TL",1998,66.67,66.67,
"TM",1998,35.7,35.7,
"TN",1998,7.43,7.43,
"TO",1998,3.09,3.09,
"TR",1998,1.72,1.72,
"TT",1998,2.62,2.62,
"TV",1998,4.57,4.57,
"TZ",1998,81.77,81.77,
"UA",1998,7.3,7.3,
"UG",1998,61.67,61.67,
"UY",1998,0.6,0.6,
"UZ",1998,53.92,53.92,
"VE",1998,10.2,10.2,
"VN",1998,36.72,36.72,
"VU",1998,14.67,14.67,
"WS",1998,5.24,5.24,
"XK",1998,2.47,2.47,
"ZA",1998,33.76,33.76,
"ZM",1998,43.26,43.26,
"ZW",1998,3.47,3.47,
"AL",1999,3.18,3.18,3.18
"AM",1999,16.88,16.88,16.88
"AO",1999,44.19,44.19,44.19
"AZ",1999,4.13,4.13,4.13
"BA",1999,0.36,0.36,0.36
"BD",1999,35.78,35.78,35.78
"BF",1999,76.13,76.13,76.13
"BG",1999,2.39,2.39,2.39
"BI",1999,83.87,83.87,83.87
"BJ",1999,53.12,53.12,53.12
"BO",1999,25.3,25.3,25.3
"BR",1999,13.36,13.36,13.36
"BT",1999,56.63,56.63,56.63
"BW",1999,29.14,29.14,29.14
"BY",1999,10.25,10.25,10.25
"BZ",1999,13.92,13.92,13.92
"CD",1999,93.05,93.05,93.05
"CF",1999,69.79,69.79,69.79
"CG",1999,56.77,56.77,56.77
"CI",1999,24.31,24.31,24.31
"CL",1999,3.76,3.76,3.76
"CM",1999,30.73,30.73,30.73
"CN",1999,40.54,40.54,40.54
"CO",1999,19.32,19.32,19.32
"CR",1999,6.37,6.37,6.37
"CV",1999,21.07,21.07,21.07
"CZ",1999,0.1,0.1,0.1
"DJ",1999,20.73,20.73,20.73
"DO",1999,5.29,5.29,5.29
"EC",1999,21.82,21.82,21.82
"EE",1999,0.87,0.87,0.87
"ET",1999,57.57,57.57,57.57
"FJ",1999,6.3,6.3,6.3
"FM",1999,14.16,14.16,14.16
"GA",1999,6.65,6.65,6.65
"GE",1999,19.9,19.9,19.9
"GH",1999,32.82,32.82,32.82
"GM",1999,57.05,57.05,57.05
"GN",1999,56.93,56.93,56.93
"GT",1999,11.53,11.53,11.53
"GW",1999,60.67,60.67,60.67
"GY",1999,13.47,13.47,13.47
"HN",1999,26.45,26.45,26.45
"HR",1999,0.24,0.24,0.24
"HT",1999,54.28,54.28,54.28
"HU",1999,0.03,0.03,0.03
"ID",1999,39.99,39.99,39.99
"IN",1999,37.4,37.4,37.4
"IR",1999,3.09,3.09,3.09
"JM",1999,2.61,2.61,2.61
"KE",1999,24.71,24.71,24.71
"KG",1999,23.03,23.03,23.03
"KH",1999,24.84,24.84,24.84
"KI",1999,14.09,14.09,14.09
"KM",1999,14.98,14.98,14.98
"KZ",1999,10.15,10.15,10.15
"LA",1999,26.48,26.48,26.48
"LC",1999,31.72,31.72,31.72
"LK",1999,8.46,8.46,8.46
"LR",1999,66.33,66.33,66.33
"LS",1999,65.41,65.41,65.41
"LT",1999,0.35,0.35,0.35
"LV",1999,1.35,1.35,1.35
"MA",1999,7.48,7.48,7.48
"MD",1999,39.1,39.1,39.1
"ME",1999,0.39,0.39,0.39
"MG",1999,64.13,64.13,64.13
"MK",1999,4.1,4.1,4.1
"ML",1999,63.62,63.62,63.62
"MN",1999,21.08,21.08,21.08
"MR",1999,18.73,18.73,18.73
"MU",1999,1.3,1.3,1.3
"MV",1999,16.57,16.57,16.57
"MW",1999,64.96,64.96,64.96
"MX",1999,12.89,12.89,12.89
"MY",1999,1.2,1.2,1.2
"MZ",1999,82.75,82.75,82.75
"NA",1999,38.47,38.47,38.47
"NE",1999,77.83,77.83,77.83
"NG",1999,66.45,66.45,66.45
"NI",1999,16.88,16.88,16.88
"NP",1999,51.79,51.79,51.79
"PA",1999,13.39,13.39,13.39
"PE",1999,17.63,17.63,17.63
"PG",1999,55.41,55.41,55.41
"PH",1999,18.68,18.68,18.68
"PK",1999,22.29,22.29,22.29
"PL",1999,0.06,0.06,0.06
"PS",1999,0.28,0.28,0.28
"PY",1999,10.21,10.21,10.21
"RO",1999,6.46,6.46,6.46
"RS",1999,0.5,0.5,0.5
"RU",1999,3.4,3.4,3.4
"RW",1999,78.36,78.36,78.36
"SB",1999,31.99,31.99,31.99
"SC",1999,0.58,0.58,0.58
"SD",1999,33.45,33.45,33.45
"SI",1999,0.02,0.02,0.02
"SK",1999,0.4,0.4,0.4
"SL",1999,69.06,69.06,69.06
"SN",1999,51.05,51.05,51.05
"SR",1999,23.38,23.38,23.38
"SS",1999,45.67,45.67,45.67
"ST",1999,30.72,30.72,30.72
"SV",1999,16.27,16.27,16.27
"SZ",1999,51.42,51.42,51.42
"TD",1999,71.58,71.58,71.58
"TG",1999,49.64,49.64,49.64
"TH",1999,2.54,2.54,2.54
"TJ",1999,54.37,54.37,54.37
"TL",1999,59.59,59.59,59.59
"TM",1999,34.67,34.67,34.67
"TN",1999,6.25,6.25,6.25
"TO",1999,2.93,2.93,2.93
"TR",1999,1.57,1.57,1.57
"TT",1999,1.87,1.87,1.87
"TV",1999,3.3,3.3,3.3
"TZ",1999,83.2,83.2,83.2
"UA",1999,8.26,8.26,8.26
"UG",1999,62.6,62.6,62.6
"UY",1999,0.59,0.59,0.59
"UZ",1999,56.56,56.56,56.56
"VE",1999,10.16,10.16,10.16
"VN",1999,35.37,35.37,35.37
"VU",1999,14.69,14.69,14.69
"WS",1999,4.92,4.92,4.92
"XK",1999,2.21,2.21,2.21
"ZA",1999,33.74,33.74,33.74
"ZM",1999,44.03,44.03,44.03
"ZW",1999,3.43,3.43,3.43
"AL",2000,2.9,2.9,
"AM",2000,16.27,16.27,
"AO",2000,43.89,43.89,
"AZ",2000,2.75,2.75,
"BA",2000,0.35,0.35,
"BD",2000,34.75,34.75,
"BF",2000,72.65,72.65,
"BG",2000,2.01,2.01,
"BI",2000,82.86,82.86,
"BJ",2000,51.71,51.71,
"BO",2000,25.18,25.18,
"BR",2000,13.01,13.01,
"BT",2000,51.49,51.49,
"BW",2000,29.48,29.48,
"BY",2000,7.51,7.51,
"BZ",2000,13.38,13.38,
"CD",2000,93.71,93.71,
"CF",2000,67.77,67.77,
"CG",2000,55.28,55.28,
"CI",2000,23.88,23.88,
"CL",2000,3.51,3.51,
"CM",2000,28.44,28.44,
"CN",2000,37.68,37.68,
"CO",2000,17.77,17.77,
"CR",2000,6.36,6.36,
"CV",2000,19.29,19.29,
"CZ",2000,0.08,0.08,
"DJ",2000,20.7,20.7,
"DO",2000,5.47,5.47,
"EC",2000,20.54,20.54,
"EE",2000,1.02,1.02,
"ET",2000,54.21,54.21,
"FJ",2000,6.08,6.08,
"FM",2000,13.38,13.38,
"GA",2000,7.09,7.09,
"GE",2000,18.89,18.89,
"GH",2000,31.88,31.88,
"GM",2000,58.74,58.74,
"GN",2000,58.27,58.27,
"GT",2000,11.24,11.24,
"GW",2000,58.4,58.4,
"GY",2000,13.37,13.37,
"HN",2000,27.32,27.32,
"HR",2000,0.18,0.18,
"HT",2000,54.86,54.86,
"HU",2000,0.02,0.02,
"ID",2000,34.46,34.46,
"IN",2000,37.14,37.14,
"IR",2000,3.01,3.01,
"JM",2000,2.65,2.65,
"KE",2000,26.97,26.97,
"KG",2000,26.76,26.76,
"KH",2000,24.01,24.01,
"KI",2000,13.74,13.74,
"KM",2000,14.38,14.38,
"KZ",2000,9.04,9.04,
"LA",2000,26.61,26.61,
"LC",2000,32.05,32.05,
"LK",2000,8.39,8.39,
"LR",2000,61.47,61.47,
"LS",2000,64.36,64.36,
"LV",2000,1.12,1.12,
"MA",2000,6.89,6.89,
"MD",2000,31.58,31.58,
"ME",2000,0.34,0.34,
"MG",2000,68.15,68.15,
"MK",2000,3.17,3.17,
"ML",2000,61.47,61.47,
"MN",2000,17.57,17.57,
"MR",2000,18.69,18.69,
"MU",2000,1.13,1.13,
"MV",2000,15.09,15.09,
"MW",2000,67.75,67.75,
"MX",2000,11.53,11.53,
"MY",2000,0.99,0.99,
"MZ",2000,82.1,82.1,
"NA",2000,37.79,37.79,
"NE",2000,77.38,77.38,
"NG",2000,66.29,66.29,
"NI",2000,16.71,16.71,
"NP",2000,49.9,49.9,
"PA",2000,12.9,12.9,
"PE",2000,16.86,16.86,
"PG",2000,55.69,55.69,
"PH",2000,18.24,18.24,
"PK",2000,24.32,24.32,
"PL",2000,0.06,0.06,
"PS",2000,0.41,0.41,
"PY",2000,11.24,11.24,
"RO",2000,6.11,6.11,
"RS",2000,0.39,0.39,
"RU",2000,2.5,2.5,
"RW",2000,76.29,76.29,
"SB",2000,38.12,38.12,
"SC",2000,0.61,0.61,
"SD",2000,31.59,31.59,
"SI",2000,0.01,0.01,
"SK",2000,0.37,0.37,
"SL",2000,66.56,66.56,
"SN",2000,50.39,50.39,
"SR",2000,22.72,22.72,
"SS",2000,45.32,45.32,
"ST",2000,31.55,31.55,
"SV",2000,15.21,15.21,
"SZ",2000,50.17,50.17,
"TD",2000,70.4,70.4,
"TG",2000,51.84,51.84,
"TH",2000,2.07,2.07,
"TJ",2000,48.27,48.27,
"TL",2000,54.43,54.43,
"TM",2000,33.56,33.56,
"TN",2000,5.63,5.63,
"TO",2000,2.8,2.8,
"TR",2000,1.62,1.62,
"TT",2000,1.71,1.71,
"TV",2000,2.98,2.98,
"TZ",2000,81.29,81.29,
"UA",2000,6.06,6.06,
"UG",2000,62.56,62.56,
"UY",2000,0.9,0.9,
"UZ",2000,59.56,59.56,
"VE",2000,12.12,12.12,
"VN",2000,36.51,36.51,
"VU",2000,14.69,14.69,
"WS",2000,4.09,4.09,
"XK",2000,2.12,2.12,
"ZA",2000,33.26,33.26,
"ZM",2000,45.84,45.84,
"ZW",2000,4.58,4.58,
"AL",2001,2.63,2.63,
"AM",2001,15.67,15.67,
"AO",2001,43.59,43.59,
"AZ",2001,1.38,1.38,
"BA",2001,0.34,0.34,
"BD",2001,33.71,33.71,
"BF",2001,69.16,69.16,
"BG",2001,1.64,1.64,
"BI",2001,81.86,81.86,
"BJ",2001,50.3,50.3,
"BO",2001,25.05,25.05,
"BR",2001,12.66,12.66,
"BT",2001,46.35,46.35,
"BW",2001,29.82,29.82,
"BY",2001,4.77,4.77,
"BZ",2001,12.84,12.84,
"CD",2001,94.38,94.38,
"CF",2001,65.75,65.75,
"CG",2001,53.8,53.8,
"CI",2001,23.46,23.46,
"CL",2001,3.26,3.26,
"CM",2001,26.16,26.16,
"CN",2001,34.81,34.81,
"CO",2001,16.21,16.21,
"CR",2001,6.35,6.35,
"CV",2001,17.5,17.5,
"CZ",2001,0.07,0.07,
"DJ",2001,20.66,20.66,
"DO",2001,5.66,5.66,
"EC",2001,19.25,19.25,
"EE",2001,1.17,1.17,
"ET",2001,50.86,50.86,
"FJ",2001,5.86,5.86,
"FM",2001,12.59,12.59,
"GA",2001,7.53,7.53,
"GE",2001,17.88,17.88,
"GH",2001,30.95,30.95,
"GM",2001,60.44,60.44,
"GN",2001,59.61,59.61,
"GT",2001,10.95,10.95,
"GW",2001,56.14,56.14,
"GY",2001,13.27,13.27,
"HN",2001,28.19,28.19,
"HR",2001,0.13,0.13,
"HT",2001,55.44,55.44,
"HU",2001,0.01,0.01,
"ID",2001,28.93,28.93,
"IN",2001,36.89,36.89,
"IR",2001,2.93,2.93,
"JM",2001,2.7,2.7,
"KE",2001,29.22,29.22,
"KG",2001,30.48,30.48,
"KH",2001,23.17,23.17,
"KI",2001,13.4,13.4,
"KM",2001,13.79,13.79,
"KZ",2001,7.92,7.92,
"LA",2001,26.73,26.73,
"LC",2001,32.38,32.38,
"LK",2001,8.32,8.32,
"LR",2001,56.61,56.61,
"LS",2001,63.32,63.32,
"LT",2001,0.46,0.46,
"LV",2001,0.88,0.88,
"MA",2001,6.29,6.29,
"MD",2001,24.07,24.07,
"ME",2001,0.28,0.28,
"MG",2001,72.16,72.16,
"MK",2001,2.24,2.24,
"ML",2001,59.33,59.33,
"MN",2001,14.06,14.06,
"MR",2001,18.66,18.66,
"MU",2001,0.96,0.96,
"MV",2001,13.61,13.61,
"MW",2001,70.55,70.55,
"MX",2001,10.17,10.17,
"MY",2001,0.79,0.79,
"MZ",2001,81.45,81.45,
"NA",2001,37.12,37.12,
"NE",2001,76.94,76.94,
"NG",2001,66.12,66.12,
"NI",2001,16.53,16.53,
"NP",2001,48.02,48.02,
"PA",2001,12.42,12.42,
"PE",2001,16.09,16.09,
"PG",2001,55.96,55.96,
"PH",2001,17.81,17.81,
"PK",2001,26.34,26.34,
"PL",2001,0.07,0.07,
"PS",2001,0.55,0.55,
"PY",2001,12.28,12.28,
"RO",2001,5.75,5.75,
"RS",2001,0.28,0.28,
"RU",2001,1.6,1.6,
"RW",2001,74.22,74.22,
"SB",2001,44.24,44.24,
"SC",2001,0.63,0.63,
"SD",2001,29.73,29.73,
"SI",2001,0.01,0.01,
"SK",2001,0.33,0.33,
"SL",2001,64.06,64.06,
"SN",2001,49.73,49.73,
"SR",2001,22.07,22.07,
"SS",2001,44.98,44.98,
"ST",2001,32.38,32.38,
"SV",2001,14.14,14.14,
"SZ",2001,48.92,48.92,
"TD",2001,69.22,69.22,
"TG",2001,54.04,54.04,
"TH",2001,1.61,1.61,
"TJ",2001,42.17,42.17,
"TL",2001,49.26,49.26,
"TM",2001,32.45,32.45,
"TN",2001,5.01,5.01,
"TO",2001,2.67,2.67,
"TR",2001,1.66,1.66,
"TT",2001,1.56,1.56,
"TV",2001,2.67,2.67,
"TZ",2001,79.37,79.37,
"UA",2001,3.87,3.87,
"UG",2001,62.52,62.52,
"UY",2001,1.21,1.21,
"UZ",2001,62.57,62.57,
"VE",2001,14.07,14.07,
"VN",2001,37.64,37.64,
"VU",2001,14.69,14.69,
"WS",2001,3.26,3.26,
"XK",2001,2.04,2.04,
"ZA",2001,32.77,32.77,
"ZM",2001,47.65,47.65,
"ZW",2001,5.74,5.74,
"AL",2002,2.35,2.35,2.35
"AM",2002,15.06,15.06,15.06
"AO",2002,43.29,43.29,43.29
"AZ",2002,0,0,0
"BA",2002,0.33,0.33,0.33
"BD",2002,32.68,32.68,32.68
"BF",2002,65.68,65.68,65.68
"BG",2002,1.26,1.26,1.26
"BI",2002,80.85,80.85,80.85
"BJ",2002,48.89,48.89,48.89
"BO",2002,24.93,24.93,24.93
"BR",2002,12.31,12.31,12.31
"BT",2002,41.21,41.21,41.21
"BW",2002,30.16,30.16,30.16
"BY",2002,2.03,2.03,2.03
"BZ",2002,12.3,12.3,12.3
"CD",2002,95.04,95.04,95.04
"CF",2002,63.73,63.73,63.73
"CG",2002,52.31,52.31,52.31
"CI",2002,23.03,23.03,23.03
"CL",2002,3.01,3.01,3.01
"CM",2002,23.87,23.87,23.87
"CN",2002,31.95,31.95,31.95
"CO",2002,14.66,14.66,14.66
"CR",2002,6.34,6.34,6.34
"CV",2002,15.72,15.72,15.72
"CZ",2002,0.05,0.05,0.05
"DJ",2002,20.63,20.63,20.63
"DO",2002,5.84,5.84,5.84
"EC",2002,17.97,17.97,17.97
"EE",2002,1.32,1.32,1.32
"ET",2002,47.5,47.5,47.5
"FJ",2002,5.64,5.64,5.64
"FM",2002,11.81,11.81,11.81
"GA",2002,7.97,7.97,7.97
"GE",2002,16.87,16.87,16.87
"GH",2002,30.01,30.01,30.01
"GM",2002,62.13,62.13,62.13
"GN",2002,60.95,60.95,60.95
"GT",2002,10.66,10.66,10.66
"GW",2002,53.87,53.87,53.87
"GY",2002,13.17,13.17,13.17
"HN",2002,29.06,29.06,29.06
"HR",2002,0.07,0.07,0.07
"HT",2002,56.02,56.02,56.02
"HU",2002,0,0,0
"ID",2002,23.4,23.4,23.4
"IN",2002,36.63,36.63,36.63
"IR",2002,2.85,2.85,2.85
"JM",2002,2.74,2.74,2.74
"KE",2002,31.48,31.48,31.48
"KG",2002,34.21,34.21,34.21
"KH",2002,22.34,22.34,22.34
"KI",2002,13.05,13.05,13.05
"KM",2002,13.19,13.19,13.19
"KZ",2002,6.81,6.81,6.81
"LA",2002,26.86,26.86,26.86
"LC",2002,32.71,32.71,32.71
"LK",2002,8.25,8.25,8.25
"LR",2002,51.75,51.75,51.75
"LS",2002,62.27,62.27,62.27
"LT",2002,0.51,0.51,0.51
"LV",2002,0.65,0.65,0.65
"MA",2002,5.7,5.7,5.7
"MD",2002,16.55,16.55,16.55
"ME",2002,0.23,0.23,0.23
"MG",2002,76.18,76.18,76.18
"MK",2002,1.31,1.31,1.31
"ML",2002,57.18,57.18,57.18
"MN",2002,10.55,10.55,10.55
"MR",2002,18.62,18.62,18.62
"MU",2002,0.79,0.79,0.79
"MV",2002,12.13,12.13,12.13
"MW",2002,73.34,73.34,73.34
"MX",2002,8.81,8.81,8.81
"MY",2002,0.58,0.58,0.58
"MZ",2002,80.8,80.8,80.8
"NA",2002,36.44,36.44,36.44
"NE",2002,76.49,76.49,76.49
"NG",2002,65.96,65.96,65.96
"NI",2002,16.36,16.36,16.36
"NP",2002,46.13,46.13,46.13
"PA",2002,11.93,11.93,11.93
"PE",2002,15.32,15.32,15.32
"PG",2002,56.24,56.24,56.24
"PH",2002,17.37,17.37,17.37
"PK",2002,28.37,28.37,28.37
"PL",2002,0.07,0.07,0.07
"PS",2002,0.68,0.68,0.68
"PY",2002,13.31,13.31,13.31
"RO",2002,5.4,5.4,5.4
"RS",2002,0.17,0.17,0.17
"RU",2002,0.7,0.7,0.7
"RW",2002,72.15,72.15,72.15
"SB",2002,50.37,50.37,50.37
"SC",2002,0.66,0.66,0.66
"SD",2002,27.87,27.87,27.87
"SI",2002,0,0,0
"SK",2002,0.3,0.3,0.3
"SL",2002,61.56,61.56,61.56
"SN",2002,49.07,49.07,49.07
"SR",2002,21.41,21.41,21.41
"SS",2002,44.63,44.63,44.63
"ST",2002,33.21,33.21,33.21
"SV",2002,13.08,13.08,13.08
"SZ",2002,47.67,47.67,47.67
"TD",2002,68.04,68.04,68.04
"TG",2002,56.24,56.24,56.24
"TH",2002,1.14,1.14,1.14
"TJ",2002,36.07,36.07,36.07
"TL",2002,44.1,44.1,44.1
"TM",2002,31.34,31.34,31.34
"TN",2002,4.39,4.39,4.39
"TO",2002,2.54,2.54,2.54
"TR",2002,1.71,1.71,1.71
"TT",2002,1.4,1.4,1.4
"TV",2002,2.35,2.35,2.35
"TZ",2002,77.46,77.46,77.46
"UA",2002,1.67,1.67,1.67
"UG",2002,62.48,62.48,62.48
"UY",2002,1.52,1.52,1.52
"UZ",2002,65.57,65.57,65.57
"VE",2002,16.03,16.03,16.03
"VN",2002,38.78,38.78,38.78
"VU",2002,14.69,14.69,14.69
"WS",2002,2.43,2.43,2.43
"XK",2002,1.95,1.95,1.95
"ZA",2002,32.29,32.29,32.29
"ZM",2002,49.46,49.46,49.46
"ZW",2002,6.89,6.89,6.89
"AL",2003,1.94,1.94,
"AM",2003,11.52,11.52,
"AO",2003,43.05,43.05,
"AZ",2003,0,0,
"BA",2003,0.26,0.26,
"BD",2003,29.96,29.96,
"BF",2003,62.66,62.66,
"BG",2003,1.08,1.08,
"BI",2003,80.49,80.49,
"BJ",2003,49.52,49.52,
"BO",2003,23.41,23.41,
"BR",2003,11.39,11.39,
"BT",2003,33.6,33.6,
"BW",2003,28.5,28.5,
"BY",2003,1.48,1.48,
"BZ",2003,12.4,12.4,
"CD",2003,94.64,94.64,
"CF",2003,64.07,64.07,
"CG",2003,51.61,51.61,
"CI",2003,24.23,24.23,
"CL",2003,2.66,2.66,
"CM",2003,24.91,24.91,
"CN",2003,27.55,27.55,
"CO",2003,13.24,13.24,
"CR",2003,5.68,5.68,
"CV",2003,14.37,14.37,
"CZ",2003,0.03,0.03,
"DJ",2003,20.52,20.52,
"DO",2003,5.84,5.84,
"EC",2003,16.51,16.51,
"EE",2003,1.2,1.2,
"ET",2003,43.72,43.72,
"FJ",2003,5.2,5.2,
"FM",2003,11.68,11.68,
"GA",2003,7.97,7.97,
"GE",2003,16.65,16.65,
"GH",2003,28.74,28.74,
"GM",2003,57.1,57.1,
"GN",2003,60.7,60.7,
"GT",2003,10.87,10.87,
"GW",2003,55.53,55.53,
"GY",2003,13.15,13.15,
"HN",2003,28.64,28.64,
"HR",2003,0.05,0.05,
"HT",2003,56.41,56.41,
"HU",2003,0,0,
"ID",2003,22.81,22.81,
"IN",2003,35.69,35.69,
"IR",2003,2.77,2.77,
"JM",2003,2.36,2.36,
"KE",2003,32.23,32.23,
"KG",2003,27.93,27.93,
"KH",2003,20.2,20.2,
"KI",2003,12.93,12.93,
"KM",2003,13.24,13.24,
"KZ",2003,4.61,4.61,
"LA",2003,24.24,24.24,
"LC",2003,31.45,31.45,
"LK",2003,7.25,7.25,
"LR",2003,59.05,59.05,
"LS",2003,61.97,61.97,
"LT",2003,0.93,0.93,
"LV",2003,1.35,1.35,
"MA",2003,5.2,5.2,
"MD",2003,15.68,15.68,
"ME",2003,0.23,0.23,
"MG",2003,75.47,75.47,
"MK",2003,1.33,1.33,
"ML",2003,55.6,55.6,
"MN",2003,8.46,8.46,
"MR",2003,16.89,16.89,
"MU",2003,0.72,0.72,
"MV",2003,11.53,11.53,
"MW",2003,73.46,73.46,
"MX",2003,8.76,8.76,
"MY",2003,0.56,0.56,
"MZ",2003,79.43,79.43,
"NA",2003,34.04,34.04,
"NE",2003,75.97,75.97,
"NG",2003,61.74,61.74,
"NI",2003,16.11,16.11,
"NP",2003,44.05,44.05,
"PA",2003,11.39,11.39,
"PE",2003,14.94,14.94,
"PG",2003,54.86,54.86,
"PH",2003,17.1,17.1,
"PK",2003,24.23,24.23,
"PL",2003,0.09,0.09,
"PS",2003,0.52,0.52,
"PY",2003,11.19,11.19,
"RO",2003,4.32,4.32,
"RS",2003,0.47,0.47,
"RU",2003,0.69,0.69,
"RW",2003,71.35,71.35,
"SB",2003,48.78,48.78,
"SC",2003,0.62,0.62,
"SD",2003,26.36,26.36,
"SI",2003,0.03,0.03,
"SK",2003,0.22,0.22,
"SL",2003,60.12,60.12,
"SN",2003,45.81,45.81,
"SR",2003,21.05,21.05,
"SS",2003,44.33,44.33,
"ST",2003,33.37,33.37,
"SV",2003,11.9,11.9,
"SZ",2003,46.84,46.84,
"TD",2003,58.62,58.62,
"TG",2003,56.24,56.24,
"TH",2003,0.97,0.97,
"TJ",2003,28.49,28.49,
"TL",2003,44.94,44.94,
"TM",2003,28.6,28.6,
"TN",2003,4,4,
"TO",2003,2.26,2.26,
"TR",2003,2.01,2.01,
"TT",2003,1.1,1.1,
"TV",2003,2.73,2.73,
"TZ",2003,71.94,71.94,
"UA",2003,1.2,1.2,
"UG",2003,60,60,
"UY",2003,1.37,1.37,
"UZ",2003,63.44,63.44,
"VE",2003,16.36,16.36,
"VN",2003,33.98,33.98,
"VU",2003,14.7,14.7,
"WS",2003,2.03,2.03,
"XK",2003,2.29,2.29,
"ZA",2003,30.93,30.93,
"ZM",2003,52.14,52.14,
"ZW",2003,10.66,10.66,
"AL",2004,1.53,1.53,
"AM",2004,7.99,7.99,
"AO",2004,42.82,42.82,
"AZ",2004,0,0,
"BA",2004,0.2,0.2,
"BD",2004,27.23,27.23,
"BF",2004,59.64,59.64,
"BG",2004,0.9,0.9,
"BI",2004,80.13,80.13,
"BJ",2004,50.15,50.15,
"BO",2004,21.9,21.9,
"BR",2004,10.47,10.47,
"BT",2004,25.99,25.99,
"BW",2004,26.83,26.83,
"BY",2004,0.92,0.92,
"BZ",2004,12.49,12.49,
"CD",2004,94.23,94.23,
"CF",2004,64.41,64.41,
"CG",2004,50.9,50.9,
"CI",2004,25.43,25.43,
"CL",2004,2.32,2.32,
"CM",2004,25.94,25.94,
"CN",2004,23.15,23.15,
"CO",2004,11.82,11.82,
"CR",2004,5.03,5.03,
"CV",2004,13.02,13.02,
"CZ",2004,0.02,0.02,
"DJ",2004,20.4,20.4,
"DO",2004,5.84,5.84,
"EC",2004,15.06,15.06,
"EE",2004,1.09,1.09,
"ET",2004,39.93,39.93,
"FJ",2004,4.76,4.76,
"FM",2004,11.55,11.55,
"GA",2004,7.97,7.97,
"GE",2004,16.43,16.43,
"GH",2004,27.48,27.48,
"GM",2004,52.06,52.06,
"GN",2004,60.45,60.45,
"GT",2004,11.08,11.08,
"GW",2004,57.19,57.19,
"GY",2004,13.12,13.12,
"HN",2004,28.21,28.21,
"HR",2004,0.02,0.02,
"HT",2004,56.81,56.81,
"HU",2004,0,0,
"ID",2004,22.22,22.22,
"IN",2004,34.75,34.75,
"IR",2004,2.69,2.69,
"JM",2004,1.97,1.97,
"KE",2004,32.97,32.97,
"KG",2004,21.66,21.66,
"KH",2004,18.07,18.07,
"KI",2004,12.82,12.82,
"KM",2004,13.28,13.28,
"KZ",2004,2.41,2.41,
"LA",2004,21.61,21.61,
"LC",2004,30.19,30.19,
"LK",2004,6.24,6.24,
"LR",2004,66.35,66.35,
"LS",2004,61.66,61.66,
"LT",2004,1.36,1.36,
"LV",2004,2.04,2.04,
"MA",2004,4.7,4.7,
"MD",2004,14.82,14.82,
"ME",2004,0.23,0.23,
"MG",2004,74.77,74.77,
"MK",2004,1.36,1.36,
"ML",2004,54.03,54.03,
"MN",2004,6.36,6.36,
"MR",2004,15.17,15.17,
"MU",2004,0.65,0.65,
"MV",2004,10.94,10.94,
"MW",2004,73.57,73.57,
"MX",2004,8.71,8.71,
"MY",2004,0.54,0.54,
"MZ",2004,78.06,78.06,
"NA",2004,31.64,31.64,
"NE",2004,75.45,75.45,
"NG",2004,57.52,57.52,
"NI",2004,15.85,15.85,
"NP",2004,41.97,41.97,
"PA",2004,10.84,10.84,
"PE",2004,14.55,14.55,
"PG",2004,53.48,53.48,
"PH",2004,16.83,16.83,
"PK",2004,20.08,20.08,
"PL",2004,0.12,0.12,
"PS",2004,0.36,0.36,
"PY",2004,9.07,9.07,
"RO",2004,3.23,3.23,
"RS",2004,0.78,0.78,
"RU",2004,0.67,0.67,
"RW",2004,70.56,70.56,
"SB",2004,47.19,47.19,
"SC",2004,0.58,0.58,
"SD",2004,24.84,24.84,
"SI",2004,0.07,0.07,
"SK",2004,0.13,0.13,
"SL",2004,58.67,58.67,
"SN",2004,42.54,42.54,
"SR",2004,20.69,20.69,
"SS",2004,44.02,44.02,
"ST",2004,33.54,33.54,
"SV",2004,10.73,10.73,
"SZ",2004,46,46,
"TD",2004,49.21,49.21,
"TG",2004,56.24,56.24,
"TH",2004,0.81,0.81,
"TJ",2004,20.92,20.92,
"TL",2004,45.78,45.78,
"TM",2004,25.85,25.85,
"TN",2004,3.6,3.6,
"TO",2004,1.98,1.98,
"TR",2004,2.3,2.3,
"TT",2004,0.79,0.79,
"TV",2004,3.1,3.1,
"TZ",2004,66.43,66.43,
"UA",2004,0.73,0.73,
"UG",2004,57.53,57.53,
"UY",2004,1.21,1.21,
"UZ",2004,61.31,61.31,
"VE",2004,16.68,16.68,
"VN",2004,29.19,29.19,
"VU",2004,14.71,14.71,
"WS",2004,1.62,1.62,
"XK",2004,2.63,2.63,
"ZA",2004,29.56,29.56,
"ZM",2004,54.81,54.81,
"ZW",2004,14.42,14.42,
"AL",2005,1.12,1.12,1.12
"AM",2005,4.45,4.45,4.45
"AO",2005,42.58,42.58,42.58
"AZ",2005,0,0,0
"BA",2005,0.13,0.13,0.13
"BD",2005,24.51,24.51,24.51
"BF",2005,56.62,56.62,56.62
"BG",2005,0.72,0.72,0.72
"BI",2005,79.77,79.77,79.77
"BJ",2005,50.78,50.78,50.78
"BO",2005,20.38,20.38,20.38
"BR",2005,9.55,9.55,9.55
"BT",2005,18.38,18.38,18.38
"BW",2005,25.17,25.17,25.17
"BY",2005,0.37,0.37,0.37
"BZ",2005,12.59,12.59,12.59
"CD",2005,93.83,93.83,93.83
"CF",2005,64.75,64.75,64.75
"CG",2005,50.2,50.2,50.2
"CI",2005,26.63,26.63,26.63
"CL",2005,1.97,1.97,1.97
"CM",2005,26.98,26.98,26.98
"CN",2005,18.75,18.75,18.75
"CO",2005,10.4,10.4,10.4
"CR",2005,4.37,4.37,4.37
"CV",2005,11.67,11.67,11.67
"CZ",2005,0,0,0
"DJ",2005,20.29,20.29,20.29
"DO",2005,5.84,5.84,5.84
"EC",2005,13.6,13.6,13.6
"EE",2005,0.97,0.97,0.97
"ET",2005,36.15,36.15,36.15
"FJ",2005,4.32,4.32,4.32
"FM",2005,11.42,11.42,11.42
"GA",2005,7.97,7.97,7.97
"GE",2005,16.21,16.21,16.21
"GH",2005,26.21,26.21,26.21
"GM",2005,47.03,47.03,47.03
"GN",2005,60.2,60.2,60.2
"GT",2005,11.29,11.29,11.29
"GW",2005,58.85,58.85,58.85
"GY",2005,13.1,13.1,13.1
"HN",2005,27.79,27.79,27.79
"HT",2005,57.2,57.2,57.2
"HU",2005,0,0,0
"ID",2005,21.63,21.63,21.63
"IN",2005,33.81,33.81,33.81
"IR",2005,2.61,2.61,2.61
"JM",2005,1.59,1.59,1.59
"KE",2005,33.72,33.72,33.72
"KG",2005,15.38,15.38,15.38
"KH",2005,15.93,15.93,15.93
"KI",2005,12.7,12.7,12.7
"KM",2005,13.33,13.33,13.33
"KZ",2005,0.21,0.21,0.21
"LA",2005,18.99,18.99,18.99
"LC",2005,28.93,28.93,28.93
"LK",2005,5.24,5.24,5.24
"LR",2005,73.65,73.65,73.65
"LS",2005,61.36,61.36,61.36
"LT",2005,1.78,1.78,1.78
"LV",2005,2.74,2.74,2.74
"MA",2005,4.2,4.2,4.2
"MD",2005,13.95,13.95,13.95
"ME",2005,0.23,0.23,0.23
"MG",2005,74.06,74.06,74.06
"MK",2005,1.38,1.38,1.38
"ML",2005,52.45,52.45,52.45
"MN",2005,4.27,4.27,4.27
"MR",2005,13.44,13.44,13.44
"MU",2005,0.58,0.58,0.58
"MV",2005,10.34,10.34,10.34
"MW",2005,73.69,73.69,73.69
"MX",2005,8.66,8.66,8.66
"MY",2005,0.52,0.52,0.52
"MZ",2005,76.69,76.69,76.69
"NA",2005,29.24,29.24,29.24
"NE",2005,74.93,74.93,74.93
"NG",2005,53.3,53.3,53.3
"NI",2005,15.6,15.6,15.6
"NP",2005,39.89,39.89,39.89
"PA",2005,10.3,10.3,10.3
"PE",2005,14.17,14.17,14.17
"PG",2005,52.1,52.1,52.1
"PH",2005,16.56,16.56,16.56
"PK",2005,15.94,15.94,15.94
"PL",2005,0.14,0.14,0.14
"PS",2005,0.2,0.2,0.2
"PY",2005,6.95,6.95,6.95
"RO",2005,2.15,2.15,2.15
"RS",2005,1.08,1.08,1.08
"RU",2005,0.66,0.66,0.66
"RW",2005,69.76,69.76,69.76
"SB",2005,45.6,45.6,45.6
"SC",2005,0.54,0.54,0.54
"SD",2005,23.33,23.33,23.33
"SI",2005,0.1,0.1,0.1
"SK",2005,0.05,0.05,0.05
"SL",2005,57.23,57.23,57.23
"SN",2005,39.28,39.28,39.28
"SR",2005,20.33,20.33,20.33
"SS",2005,43.72,43.72,43.72
"ST",2005,33.7,33.7,33.7
"SV",2005,9.55,9.55,9.55
"SZ",2005,45.17,45.17,45.17
"TD",2005,39.79,39.79,39.79
"TG",2005,56.24,56.24,56.24
"TH",2005,0.64,0.64,0.64
"TJ",2005,13.34,13.34,13.34
"TL",2005,46.62,46.62,46.62
"TM",2005,23.11,23.11,23.11
"TN",2005,3.21,3.21,3.21
"TO",2005,1.7,1.7,1.7
"TR",2005,2.6,2.6,2.6
"TT",2005,0.49,0.49,0.49
"TV",2005,3.48,3.48,3.48
"TZ",2005,60.91,60.91,60.91
"UA",2005,0.26,0.26,0.26
"UG",2005,55.05,55.05,55.05
"UY",2005,1.06,1.06,1.06
"UZ",2005,59.18,59.18,59.18
"VE",2005,17.01,17.01,17.01
"VN",2005,24.39,24.39,24.39
"VU",2005,14.72,14.72,14.72
"WS",2005,1.22,1.22,1.22
"XK",2005,2.97,2.97,2.97
"ZA",2005,28.2,28.2,28.2
"ZM",2005,57.49,57.49,57.49
"ZW",2005,18.19,18.19,18.19
"AL",2006,0.87,0.87,
"AM",2006,3.46,3.46,
"AO",2006,38.34,38.34,
"AZ",2006,0.16,0.16,
"BA",2006,0.11,0.11,
"BD",2006,23.04,23.04,
"BF",2006,55.87,55.87,
"BG",2006,0.87,0.87,
"BI",2006,78.72,78.72,
"BJ",2006,50.51,50.51,
"BO",2006,17.56,17.56,
"BR",2006,8.46,8.46,
"BT",2006,13.84,13.84,
"BW",2006,22.48,22.48,
"BY",2006,0.25,0.25,
"BZ",2006,13.21,13.21,
"CD",2006,92.09,92.09,
"CF",2006,65.25,65.25,
"CG",2006,49.66,49.66,
"CI",2006,27.43,27.43,
"CL",2006,1.83,1.83,
"CM",2006,27.76,27.76,
"CN",2006,17.38,17.38,
"CO",2006,10.5,10.5,
"CR",2006,3.82,3.82,
"CV",2006,10.15,10.15,
"CZ",2006,0.01,0.01,
"DJ",2006,19.79,19.79,
"DO",2006,5.15,5.15,
"EC",2006,12.05,12.05,
"EE",2006,0.81,0.81,
"ET",2006,35.75,35.75,
"FJ",2006,4.2,4.2,
"FM",2006,12.39,12.39,
"GA",2006,8.44,8.44,
"GE",2006,15.96,15.96,
"GH",2006,24.74,24.74,
"GM",2006,46.9,46.9,
"GN",2006,58.07,58.07,
"GT",2006,11.16,11.16,
"GW",2006,60.49,60.49,
"GY",2006,12.3,12.3,
"HN",2006,23.91,23.91,
"HR",2006,0,0,
"HT",2006,56.62,56.62,
"HU",2006,0.01,0.01,
"ID",2006,21.6,21.6,
"IN",2006,32.58,32.58,
"IR",2006,1.92,1.92,
"JM",2006,1.58,1.58,
"KE",2006,33.05,33.05,
"KG",2006,11.59,11.59,
"KH",2006,14,14,
"KI",2006,12.79,12.79,
"KM",2006,13.67,13.67,
"KZ",2006,0.18,0.18,
"LA",2006,19.07,19.07,
"LC",2006,27.98,27.98,
"LK",2006,4.43,4.43,
"LR",2006,71.46,71.46,
"LS",2006,61.06,61.06,
"LT",2006,1.24,1.24,
"LV",2006,1.84,1.84,
"MA",2006,3.58,3.58,
"MD",2006,9.73,9.73,
"ME",2006,0.22,0.22,
"MG",2006,74.17,74.17,
"MK",2006,1.36,1.36,
"ML",2006,51.68,51.68,
"MN",2006,3.25,3.25,
"MR",2006,12.56,12.56,
"MU",2006,0.52,0.52,
"MV",2006,8.92,8.92,
"MW",2006,73.22,73.22,
"MX",2006,7.04,7.04,
"MY",2006,0.46,0.46,
"MZ",2006,74.46,74.46,
"NA",2006,27.38,27.38,
"NE",2006,72.03,72.03,
"NG",2006,53.38,53.38,
"NI",2006,14.17,14.17,
"NP",2006,35.99,35.99,
"PA",2006,8.7,8.7,
"PE",2006,12.09,12.09,
"PG",2006,50.02,50.02,
"PH",2006,15.42,15.42,
"PK",2006,14.58,14.58,
"PL",2006,0.1,0.1,
"PS",2006,0.42,0.42,
"PY",2006,6.29,6.29,
"RO",2006,1.43,1.43,
"RS",2006,0.74,0.74,
"RU",2006,0.46,0.46,
"RW",2006,67.84,67.84,
"SB",2006,43.29,43.29,
"SC",2006,0.48,0.48,
"SD",2006,20.59,20.59,
"SI",2006,0.07,0.07,
"SK",2006,0.03,0.03,
"SL",2006,56.4,56.4,
"SN",2006,38.56,38.56,
"SR",2006,20.01,20.01,
"SS",2006,43.33,43.33,
"ST",2006,33.01,33.01,
"SV",2006,8.67,8.67,
"SZ",2006,44.01,44.01,
"TD",2006,40.59,40.59,
"TG",2006,56.18,56.18,
"TH",2006,0.48,0.48,
"TJ",2006,11.21,11.21,
"TL",2006,46.89,46.89,
"TM",2006,19.15,19.15,
"TN",2006,2.97,2.97,
"TO",2006,1.57,1.57,
"TR",2006,1.94,1.94,
"TT",2006,0.5,0.5,
"TV",2006,3.03,3.03,
"TZ",2006,57.84,57.84,
"UA",2006,0.18,0.18,
"UG",2006,51.34,51.34,
"UY",2006,0.82,0.82,
"UZ",2006,54.07,54.07,
"VE",2006,14.08,14.08,
"VN",2006,21.65,21.65,
"VU",2006,15,15,
"WS",2006,1.09,1.09,
"XK",2006,2.84,2.84,
"ZA",2006,24.78,24.78,
"ZM",2006,59.21,59.21,
"ZW",2006,22.7,22.7,
"AL",2007,0.62,0.62,
"AM",2007,2.48,2.48,
"AO",2007,34.09,34.09,
"AZ",2007,0.33,0.33,
"BA",2007,0.08,0.08,
"BD",2007,21.57,21.57,
"BF",2007,55.13,55.13,
"BG",2007,1.03,1.03,
"BI",2007,77.66,77.66,
"BJ",2007,50.23,50.23,
"BO",2007,14.73,14.73,
"BR",2007,7.38,7.38,
"BT",2007,9.31,9.31,
"BW",2007,19.78,19.78,
"BY",2007,0.12,0.12,
"BZ",2007,13.82,13.82,
"CD",2007,90.35,90.35,
"CF",2007,65.76,65.76,
"CG",2007,49.11,49.11,
"CI",2007,28.22,28.22,
"CL",2007,1.7,1.7,
"CM",2007,28.53,28.53,
"CN",2007,16.02,16.02,
"CO",2007,10.61,10.61,
"CR",2007,3.26,3.26,
"CV",2007,8.63,8.63,
"CZ",2007,0.03,0.03,
"DJ",2007,19.28,19.28,
"DO",2007,4.45,4.45,
"EC",2007,10.51,10.51,
"EE",2007,0.66,0.66,
"ET",2007,35.34,35.34,
"FJ",2007,4.08,4.08,
"FM",2007,13.37,13.37,
"GA",2007,8.9,8.9,
"GE",2007,15.72,15.72,
"GH",2007,23.27,23.27,
"GM",2007,46.77,46.77,
"GN",2007,55.94,55.94,
"GT",2007,11.02,11.02,
"GW",2007,62.14,62.14,
"GY",2007,11.5,11.5,
"HN",2007,20.02,20.02,
"HR",2007,0,0,
"HT",2007,56.05,56.05,
"HU",2007,0.02,0.02,
"ID",2007,21.58,21.58,
"IN",2007,31.35,31.35,
"IR",2007,1.24,1.24,
"JM",2007,1.56,1.56,
"KE",2007,32.39,32.39,
"KG",2007,7.8,7.8,
"KH",2007,12.06,12.06,
"KI",2007,12.87,12.87,
"KM",2007,14,14,
"KZ",2007,0.16,0.16,
"LA",2007,19.16,19.16,
"LC",2007,27.04,27.04,
"LK",2007,3.61,3.61,
"LR",2007,69.27,69.27,
"LS",2007,60.76,60.76,
"LT",2007,0.69,0.69,
"LV",2007,0.93,0.93,
"MA",2007,2.96,2.96,
"MD",2007,5.51,5.51,
"ME",2007,0.2,0.2,
"MG",2007,74.28,74.28,
"MK",2007,1.35,1.35,
"ML",2007,50.9,50.9,
"MN",2007,2.23,2.23,
"MR",2007,11.67,11.67,
"MU",2007,0.46,0.46,
"MV",2007,7.49,7.49,
"MW",2007,72.74,72.74,
"MX",2007,5.42,5.42,
"MY",2007,0.39,0.39,
"MZ",2007,72.24,72.24,
"NA",2007,25.52,25.52,
"NE",2007,69.13,69.13,
"NG",2007,53.45,53.45,
"NI",2007,12.75,12.75,
"NP",2007,32.09,32.09,
"PA",2007,7.09,7.09,
"PE",2007,10.02,10.02,
"PG",2007,47.94,47.94,
"PH",2007,14.27,14.27,
"PK",2007,13.23,13.23,
"PL",2007,0.05,0.05,
"PS",2007,0.65,0.65,
"PY",2007,5.63,5.63,
"RO",2007,0.72,0.72,
"RS",2007,0.41,0.41,
"RU",2007,0.27,0.27,
"RW",2007,65.93,65.93,
"SB",2007,40.99,40.99,
"SC",2007,0.43,0.43,
"SD",2007,17.85,17.85,
"SI",2007,0.04,0.04,
"SK",2007,0.02,0.02,
"SL",2007,55.57,55.57,
"SN",2007,37.83,37.83,
"SR",2007,19.69,19.69,
"SS",2007,42.95,42.95,
"ST",2007,32.31,32.31,
"SV",2007,7.8,7.8,
"SZ",2007,42.85,42.85,
"TD",2007,41.4,41.4,
"TG",2007,56.13,56.13,
"TH",2007,0.31,0.31,
"TJ",2007,9.08,9.08,
"TL",2007,47.17,47.17,
"TM",2007,15.18,15.18,
"TN",2007,2.73,2.73,
"TO",2007,1.44,1.44,
"TR",2007,1.28,1.28,
"TT",2007,0.52,0.52,
"TV",2007,2.58,2.58,
"TZ",2007,54.77,54.77,
"UA",2007,0.09,0.09,
"UG",2007,47.63,47.63,
"UY",2007,0.57,0.57,
"UZ",2007,48.95,48.95,
"VE",2007,11.14,11.14,
"VN",2007,18.91,18.91,
"VU",2007,15.28,15.28,
"WS",2007,0.96,0.96,
"XK",2007,2.71,2.71,
"ZA",2007,21.37,21.37,
"ZM",2007,60.93,60.93,
"ZW",2007,27.22,27.22,
"AL",2008,0.37,0.37,0.37
"AM",2008,1.49,1.49,1.49
"AO",2008,29.85,29.85,29.85
"AZ",2008,0.49,0.49,0.49
"BA",2008,0.06,0.06,0.06
"BD",2008,20.1,20.1,20.1
"BF",2008,54.38,54.38,54.38
"BG",2008,1.18,1.18,1.18
"BI",2008,76.61,76.61,76.61
"BJ",2008,49.96,49.96,49.96
"BO",2008,11.91,11.91,11.91
"BR",2008,6.29,6.29,6.29
"BT",2008,4.77,4.77,4.77
"BW",2008,17.09,17.09,17.09
"BY",2008,0,0,0
"BZ",2008,14.44,14.44,14.44
"CD",2008,88.61,88.61,88.61
"CF",2008,66.26,66.26,66.26
"CG",2008,48.57,48.57,48.57
"CI",2008,29.02,29.02,29.02
"CL",2008,1.56,1.56,1.56
"CM",2008,29.31,29.31,29.31
"CN",2008,14.65,14.65,14.65
"CO",2008,10.71,10.71,10.71
"CR",2008,2.71,2.71,2.71
"CV",2008,7.11,7.11,7.11
"CZ",2008,0.04,0.04,0.04
"DJ",2008,18.78,18.78,18.78
"DO",2008,3.76,3.76,3.76
"EC",2008,8.96,8.96,8.96
"EE",2008,0.5,0.5,0.5
"ET",2008,34.94,34.94,34.94
"FJ",2008,3.96,3.96,3.96
"FM",2008,14.34,14.34,14.34
"GA",2008,9.37,9.37,9.37
"GE",2008,15.47,15.47,15.47
"GH",2008,21.8,21.8,21.8
"GM",2008,46.64,46.64,46.64
"GN",2008,53.81,53.81,53.81
"GT",2008,10.89,10.89,10.89
"GW",2008,63.78,63.78,63.78
"GY",2008,10.7,10.7,10.7
"HN",2008,16.14,16.14,16.14
"HR",2008,0,0,0
"HT",2008,55.47,55.47,55.47
"HU",2008,0.03,0.03,0.03
"ID",2008,21.55,21.55,21.55
"IN",2008,30.12,30.12,30.12
"IR",2008,0.55,0.55,0.55
"JM",2008,1.55,1.55,1.55
"KE",2008,31.72,31.72,31.72
"KG",2008,4.01,4.01,4.01
"KH",2008,10.13,10.13,10.13
"KI",2008,12.96,12.96,12.96
"KM",2008,14.34,14.34,14.34
"KZ",2008,0.13,0.13,0.13
"LA",2008,19.24,19.24,19.24
"LC",2008,26.09,26.09,26.09
"LK",2008,2.8,2.8,2.8
"LR",2008,67.08,67.08,67.08
"LS",2008,60.46,60.46,60.46
"LT",2008,0.15,0.15,0.15
"LV",2008,0.03,0.03,0.03
"MA",2008,2.34,2.34,2.34
"MD",2008,1.29,1.29,1.29
"ME",2008,0.19,0.19,0.19
"MG",2008,74.39,74.39,74.39
"MK",2008,1.33,1.33,1.33
"ML",2008,50.13,50.13,50.13
"MN",2008,1.21,1.21,1.21
"MR",2008,10.79,10.79,10.79
"MU",2008,0.4,0.4,0.4
"MV",2008,6.07,6.07,6.07
"MW",2008,72.27,72.27,72.27
"MX",2008,3.8,3.8,3.8
"MY",2008,0.33,0.33,0.33
"MZ",2008,70.01,70.01,70.01
"NA",2008,23.66,23.66,23.66
"NE",2008,66.23,66.23,66.23
"NG",2008,53.53,53.53,53.53
"NI",2008,11.32,11.32,11.32
"NP",2008,28.19,28.19,28.19
"PA",2008,5.49,5.49,5.49
"PE",2008,7.94,7.94,7.94
"PG",2008,45.86,45.86,45.86
"PH",2008,13.13,13.13,13.13
"PK",2008,11.87,11.87,11.87
"PL",2008,0.01,0.01,0.01
"PS",2008,0.87,0.87,0.87
"PY",2008,4.97,4.97,4.97
"RO",2008,0,0,0
"RS",2008,0.07,0.07,0.07
"RU",2008,0.07,0.07,0.07
"RW",2008,64.01,64.01,64.01
"SB",2008,38.68,38.68,38.68
"SC",2008,0.37,0.37,0.37
"SD",2008,15.11,15.11,15.11
"SI",2008,0.01,0.01,0.01
"SK",2008,0,0,0
"SL",2008,54.74,54.74,54.74
"SN",2008,37.11,37.11,37.11
"SR",2008,19.37,19.37,19.37
"SS",2008,42.56,42.56,42.56
"ST",2008,31.62,31.62,31.62
"SV",2008,6.92,6.92,6.92
"SZ",2008,41.69,41.69,41.69
"TD",2008,42.2,42.2,42.2
"TG",2008,56.07,56.07,56.07
"TH",2008,0.15,0.15,0.15
"TJ",2008,6.95,6.95,6.95
"TL",2008,47.44,47.44,47.44
"TM",2008,11.22,11.22,11.22
"TN",2008,2.49,2.49,2.49
"TO",2008,1.31,1.31,1.31
"TR",2008,0.62,0.62,0.62
"TT",2008,0.53,0.53,0.53
"TV",2008,2.13,2.13,2.13
"TZ",2008,51.7,51.7,51.7
"UA",2008,0.01,0.01,0.01
"UG",2008,43.92,43.92,43.92
"UY",2008,0.33,0.33,0.33
"UZ",2008,43.84,43.84,43.84
"VE",2008,8.21,8.21,8.21
"ME",2010,0,0,0
"VN",2008,16.17,16.17,16.17
"VU",2008,15.56,15.56,15.56
"WS",2008,0.83,0.83,0.83
"XK",2008,2.58,2.58,2.58
"ZA",2008,17.95,17.95,17.95
"ZM",2008,62.65,62.65,62.65
"ZW",2008,31.73,31.73,31.73
"AL",2009,0.55,0.55,
"AM",2009,2.02,2.02,
"AO",2009,30.09,30.09,
"AZ",2009,0.58,0.58,
"BA",2009,0.07,0.07,
"BD",2009,19.31,19.31,
"BF",2009,53.19,53.19,
"BG",2009,1.56,1.56,
"BI",2009,76.59,76.59,
"BJ",2009,51.17,51.17,
"BO",2009,11.03,11.03,
"BR",2009,6.02,6.02,
"BT",2009,5.19,5.19,
"BW",2009,17.08,17.08,
"BY",2009,0,0,
"BZ",2009,14.18,14.18,
"CD",2009,87.2,87.2,
"CF",2009,66.03,66.03,
"CG",2009,43.06,43.06,
"CI",2009,28.82,28.82,
"CL",2009,1.53,1.53,
"CM",2009,30,30,
"CN",2009,12.92,12.92,
"CO",2009,9.39,9.39,
"CR",2009,2.16,2.16,
"CV",2009,7.2,7.2,
"CZ",2009,0.04,0.04,
"DJ",2009,18.69,18.69,
"DO",2009,3.19,3.19,
"EC",2009,8.01,8.01,
"EE",2009,0.71,0.71,
"ET",2009,34.37,34.37,
"FJ",2009,3.95,3.95,
"FM",2009,14.56,14.56,
"GA",2009,9.09,9.09,
"GE",2009,17.53,17.53,
"GH",2009,20.29,20.29,
"GM",2009,44.99,44.99,
"GN",2009,50.11,50.11,
"GT",2009,11.28,11.28,
"GW",2009,65.43,65.43,
"GY",2009,10.14,10.14,
"HN",2009,15.81,15.81,
"HR",2009,0,0,
"HT",2009,56.15,56.15,
"HU",2009,0.06,0.06,
"ID",2009,18.75,18.75,
"IN",2009,27.66,27.66,
"IR",2009,0.37,0.37,
"JM",2009,1.7,1.7,
"KE",2009,30.27,30.27,
"KG",2009,4.05,4.05,
"KH",2009,7.37,7.37,
"KI",2009,13.53,13.53,
"KM",2009,14.42,14.42,
"KZ",2009,0.13,0.13,
"LA",2009,18.77,18.77,
"LC",2009,27.08,27.08,
"LK",2009,2.6,2.6,
"LR",2009,66.09,66.09,
"LS",2009,60.06,60.06,
"LT",2009,0.93,0.93,
"LV",2009,0.98,0.98,
"MA",2009,2.17,2.17,
"MD",2009,0.91,0.91,
"ME",2009,0.1,0.1,
"MG",2009,78.08,78.08,
"MK",2009,1.33,1.33,
"ML",2009,49.6,49.6,
"MN",2009,0.99,0.99,
"MR",2009,10.48,10.48,
"MU",2009,0.44,0.44,
"MV",2009,6.46,6.46,
"MW",2009,71.59,71.59,
"MX",2009,3.8,3.8,
"MY",2009,0.27,0.27,
"MZ",2009,68.34,68.34,
"NA",2009,22.69,22.69,
"NE",2009,60.68,60.68,
"NG",2009,53.29,53.29,
"NI",2009,10.48,10.48,
"NP",2009,21.82,21.82,
"PA",2009,5.03,5.03,
"PE",2009,6.34,6.34,
"PG",2009,42.09,42.09,
"PH",2009,13.12,13.12,
"PK",2009,10.7,10.7,
"PL",2009,0.01,0.01,
"PS",2009,0.57,0.57,
"PY",2009,5.52,5.52,
"RO",2009,0,0,
"RS",2009,0.09,0.09,
"RU",2009,0.11,0.11,
"RW",2009,62.89,62.89,
"SB",2009,39.39,39.39,
"SC",2009,0.9,0.9,
"SD",2009,14.85,14.85,
"SI",2009,0.01,0.01,
"SK",2009,0.21,0.21,
"SL",2009,53.92,53.92,
"SN",2009,37.18,37.18,
"SR",2009,19.1,19.1,
"SS",2009,42.54,42.54,
"ST",2009,31.95,31.95,
"SV",2009,7.08,7.08,
"SZ",2009,41.86,41.86,
"TD",2009,39.65,39.65,
"TG",2009,55.76,55.76,
"TH",2009,0.15,0.15,
"TJ",2009,10.06,10.06,
"TL",2009,41.19,41.19,
"TM",2009,9.45,9.45,
"TN",2009,2.31,2.31,
"TO",2009,1.15,1.15,
"TR",2009,0.7,0.7,
"TT",2009,0.57,0.57,
"TV",2009,2.4,2.4,
"TZ",2009,50.61,50.61,
"UA",2009,0.01,0.01,
"UG",2009,42.14,42.14,
"UY",2009,0.28,0.28,
"UZ",2009,39.48,39.48,
"VE",2009,8.44,8.44,
"VN",2009,10.48,10.48,
"VU",2009,15.46,15.46,
"WS",2009,1.03,1.03,
"XK",2009,2.38,2.38,
"ZA",2009,17.57,17.57,
"ZM",2009,63.54,63.54,
"ZW",2009,28.62,28.62,
"AL",2010,0.73,0.73,0.73
"AM",2010,2.54,2.54,2.54
"AO",2010,30.32,30.32,30.32
"AZ",2010,0.67,0.67,0.67
"BA",2010,0.07,0.07,0.07
"BD",2010,18.52,18.52,18.52
"BF",2010,52,52,52
"BG",2010,1.93,1.93,1.93
"BI",2010,76.57,76.57,76.57
"BJ",2010,52.37,52.37,52.37
"BO",2010,10.14,10.14,10.14
"BR",2010,5.74,5.74,5.74
"BT",2010,5.6,5.6,5.6
"BW",2010,17.07,17.07,17.07
"BY",2010,0,0,0
"BZ",2010,13.92,13.92,13.92
"CD",2010,85.78,85.78,85.78
"CF",2010,65.8,65.8,65.8
"CG",2010,37.55,37.55,37.55
"CI",2010,28.61,28.61,28.61
"CL",2010,1.5,1.5,1.5
"CM",2010,30.68,30.68,30.68
"CN",2010,11.18,11.18,11.18
"CO",2010,8.06,8.06,8.06
"CR",2010,1.61,1.61,1.61
"CV",2010,7.28,7.28,7.28
"CZ",2010,0.04,0.04,0.04
"DJ",2010,18.59,18.59,18.59
"DO",2010,2.61,2.61,2.61
"EC",2010,7.05,7.05,7.05
"EE",2010,0.92,0.92,0.92
"ET",2010,33.8,33.8,33.8
"FJ",2010,3.93,3.93,3.93
"FM",2010,14.77,14.77,14.77
"GA",2010,8.81,8.81,8.81
"GE",2010,19.58,19.58,19.58
"GH",2010,18.78,18.78,18.78
"GM",2010,43.34,43.34,43.34
"GN",2010,46.41,46.41,46.41
"GT",2010,11.66,11.66,11.66
"GW",2010,67.08,67.08,67.08
"GY",2010,9.58,9.58,9.58
"HN",2010,15.47,15.47,15.47
"HT",2010,56.83,56.83,56.83
"HU",2010,0.08,0.08,0.08
"ID",2010,15.95,15.95,15.95
"IN",2010,25.2,25.2,25.2
"IR",2010,0.18,0.18,0.18
"JM",2010,1.84,1.84,1.84
"KE",2010,28.81,28.81,28.81
"KG",2010,4.08,4.08,4.08
"KH",2010,4.6,4.6,4.6
"KI",2010,14.09,14.09,14.09
"KM",2010,14.5,14.5,14.5
"KZ",2010,0.12,0.12,0.12
"LA",2010,18.29,18.29,18.29
"LC",2010,28.06,28.06,28.06
"LK",2010,2.39,2.39,2.39
"LR",2010,65.1,65.1,65.1
"LS",2010,59.65,59.65,59.65
"LT",2010,1.71,1.71,1.71
"LV",2010,1.93,1.93,1.93
"MA",2010,2,2,2
"MD",2010,0.53,0.53,0.53
"MG",2010,81.76,81.76,81.76
"MK",2010,1.33,1.33,1.33
"ML",2010,49.07,49.07,49.07
"MN",2010,0.76,0.76,0.76
"MR",2010,10.17,10.17,10.17
"MU",2010,0.47,0.47,0.47
"MV",2010,6.84,6.84,6.84
"MW",2010,70.9,70.9,70.9
"MX",2010,3.8,3.8,3.8
"MY",2010,0.21,0.21,0.21
"MZ",2010,66.66,66.66,66.66
"NA",2010,21.71,21.71,21.71
"NE",2010,55.12,55.12,55.12
"NG",2010,53.05,53.05,53.05
"NI",2010,9.64,9.64,9.64
"NP",2010,15.45,15.45,15.45
"PA",2010,4.57,4.57,4.57
"PE",2010,4.74,4.74,4.74
"PG",2010,38.31,38.31,38.31
"PH",2010,13.1,13.1,13.1
"PK",2010,9.53,9.53,9.53
"PL",2010,0,0,0
"PS",2010,0.27,0.27,0.27
"PY",2010,6.07,6.07,6.07
"RO",2010,0,0,0
"RS",2010,0.1,0.1,0.1
"RU",2010,0.15,0.15,0.15
"RW",2010,61.77,61.77,61.77
"SB",2010,40.1,40.1,40.1
"SC",2010,1.43,1.43,1.43
"SD",2010,14.58,14.58,14.58
"SI",2010,0.01,0.01,0.01
"SK",2010,0.42,0.42,0.42
"SL",2010,53.1,53.1,53.1
"SN",2010,37.25,37.25,37.25
"SR",2010,18.83,18.83,18.83
"SS",2010,42.51,42.51,42.51
"ST",2010,32.28,32.28,32.28
"SV",2010,7.24,7.24,7.24
"SZ",2010,42.03,42.03,42.03
"TD",2010,37.09,37.09,37.09
"TG",2010,55.45,55.45,55.45
"TH",2010,0.14,0.14,0.14
"TJ",2010,13.17,13.17,13.17
"TL",2010,34.93,34.93,34.93
"TM",2010,7.67,7.67,7.67
"TN",2010,2.12,2.12,2.12
"TO",2010,0.98,0.98,0.98
"TR",2010,0.78,0.78,0.78
"TT",2010,0.61,0.61,0.61
"TV",2010,2.66,2.66,2.66
"TZ",2010,49.52,49.52,49.52
"UA",2010,0,0,0
"UG",2010,40.36,40.36,40.36
"UY",2010,0.23,0.23,0.23
"UZ",2010,35.11,35.11,35.11
"VE",2010,8.66,8.66,8.66
"VN",2010,4.78,4.78,4.78
"VU",2010,15.36,15.36,15.36
"WS",2010,1.22,1.22,1.22
"XK",2010,2.17,2.17,2.17
"ZA",2010,17.19,17.19,17.19
"ZM",2010,64.42,64.42,64.42
"ZW",2010,25.5,25.5,25.5
"AL",2011,0.88,0.88,0.88
"AM",2011,2.7,2.7,2.7
"AO",2011,30.08,30.08,30.08
"AZ",2011,0.37,0.37,0.37
"BA",2011,0.07,0.07,0.07
"BD",2011,15.31,15.31,15.31
"BF",2011,49.35,49.35,49.35
"BG",2011,2.19,2.19,2.19
"BI",2011,76.16,76.16,76.16
"BJ",2011,53.13,53.13,53.13
"BO",2011,7.96,7.96,7.96
"BR",2011,5.5,5.5,5.5
"BT",2011,3.95,3.95,3.95
"BW",2011,15.84,15.84,15.84
"BY",2011,0,0,0
"BZ",2011,13.66,13.66,13.66
"CD",2011,82.65,82.65,82.65
"CF",2011,65.35,65.35,65.35
"CG",2011,36.97,36.97,36.97
"CI",2011,31.37,31.37,31.37
"CL",2011,1.3,1.3,1.3
"CM",2011,29.74,29.74,29.74
"CN",2011,7.9,7.9,7.9
"CO",2011,6.58,6.58,6.58
"CR",2011,1.75,1.75,1.75
"CV",2011,6.74,6.74,6.74
"CZ",2011,0.05,0.05,0.05
"DJ",2011,18.57,18.57,18.57
"DO",2011,2.9,2.9,2.9
"EC",2011,5.86,5.86,5.86
"EE",2011,1.21,1.21,1.21
"ET",2011,30.6,30.6,30.6
"FJ",2011,4.59,4.59,4.59
"FM",2011,14.69,14.69,14.69
"GA",2011,7.91,7.91,7.91
"GE",2011,17.79,17.79,17.79
"GH",2011,14.75,14.75,14.75
"GM",2011,47.47,47.47,47.47
"GN",2011,40.92,40.92,40.92
"GT",2011,11.53,11.53,11.53
"GW",2011,63.89,63.89,63.89
"GY",2011,8.83,8.83,8.83
"HN",2011,18.75,18.75,18.75
"HR",2011,0.81,0.81,0.81
"HT",2011,54.89,54.89,54.89
"HU",2011,0.13,0.13,0.13
"ID",2011,13.58,13.58,13.58
"IN",2011,20.23,20.23,20.23
"IR",2011,0.1,0.1,0.1
"JM",2011,1.84,1.84,1.84
"KE",2011,27.22,27.22,27.22
"KG",2011,1.81,1.81,1.81
"KH",2011,3.37,3.37,3.37
"KI",2011,14.09,14.09,14.09
"KM",2011,14.47,14.47,14.47
"KZ",2011,0.03,0.03,0.03
"LA",2011,16.81,16.81,16.81
"LC",2011,28.21,28.21,28.21
"LK",2011,2.35,2.35,2.35
"LR",2011,61.3,61.3,61.3
"LS",2011,58.82,58.82,58.82
"LT",2011,0.87,0.87,0.87
"LV",2011,1.31,1.31,1.31
"MA",2011,1.71,1.71,1.71
"MD",2011,0.28,0.28,0.28
"ME",2011,0.21,0.21,0.21
"MG",2011,80.05,80.05,80.05
"MK",2011,2.3,2.3,2.3
"ML",2011,49.3,49.3,49.3
"MN",2011,0.57,0.57,0.57
"MR",2011,9.09,9.09,9.09
"MU",2011,0.5,0.5,0.5
"MV",2011,4.97,4.97,4.97
"MW",2011,70.55,70.55,70.55
"MX",2011,3.23,3.23,3.23
"MY",2011,0.15,0.15,0.15
"MZ",2011,64.34,64.34,64.34
"NA",2011,20.43,20.43,20.43
"NE",2011,50.34,50.34,50.34
"NG",2011,52.08,52.08,52.08
"NI",2011,9.1,9.1,9.1
"NP",2011,15.42,15.42,15.42
"PA",2011,3.98,3.98,3.98
"PE",2011,4.34,4.34,4.34
"PG",2011,35.68,35.68,35.68
"PH",2011,13.35,13.35,13.35
"PK",2011,8.11,8.11,8.11
"PL",2011,0.02,0.02,0.02
"PS",2011,0.27,0.27,0.27
"PY",2011,5.47,5.47,5.47
"RS",2011,0.13,0.13,0.13
"RU",2011,0.08,0.08,0.08
"RW",2011,60.17,60.17,60.17
"SB",2011,34.61,34.61,34.61
"SC",2011,1.24,1.24,1.24
"SD",2011,11.99,11.99,11.99
"SI",2011,0,0,0
"SK",2011,0.36,0.36,0.36
"SL",2011,52.33,52.33,52.33
"SN",2011,38.14,38.14,38.14
"SR",2011,17.82,17.82,17.82
"SS",2011,46.01,46.01,46.01
"ST",2011,31.34,31.34,31.34
"SV",2011,4.53,4.53,4.53
"SZ",2011,42.27,42.27,42.27
"TD",2011,38.43,38.43,38.43
"TG",2011,54.18,54.18,54.18
"TH",2011,0.04,0.04,0.04
"TJ",2011,19.9,19.9,19.9
"TL",2011,32.85,32.85,32.85
"TM",2011,4.8,4.8,4.8
"TN",2011,1.74,1.74,1.74
"TO",2011,0.98,0.98,0.98
"TR",2011,0.28,0.28,0.28
"TT",2011,0.43,0.43,0.43
"TV",2011,2.13,2.13,2.13
"TZ",2011,47.54,47.54,47.54
"UA",2011,0,0,0
"UG",2011,36.99,36.99,36.99
"UY",2011,0.32,0.32,0.32
"UZ",2011,31.23,31.23,31.23
"VE",2011,8.52,8.52,8.52
"VN",2011,3.99,3.99,3.99
"VU",2011,15.03,15.03,15.03
"WS",2011,0.83,0.83,0.83
"XK",2011,1.41,1.41,1.41
"ZA",2011,16.56,16.56,16.56
"ZM",2011,63.14,63.14,63.14
"ZW",2011,21.4,21.4,21.4
"AL",2012,1.06,1.06,1.06
"AM",2012,1.74,1.74,1.74
"AO",2012,29.25,29.25,29.25
"AZ",2012,0.37,0.37,0.37
"BA",2012,0.07,0.07,0.07
"BD",2012,13.71,13.71,13.71
"BF",2012,46.28,46.28,46.28
"BG",2012,2.03,2.03,2.03
"BI",2012,75.83,75.83,75.83
"BJ",2012,52.57,52.57,52.57
"BO",2012,9.07,9.07,9.07
"BR",2012,4.59,4.59,4.59
"BT",2012,2.17,2.17,2.17
"BW",2012,14.82,14.82,14.82
"BY",2012,0,0,0
"BZ",2012,13.66,13.66,13.66
"CD",2012,79.16,79.16,79.16
"CF",2012,64.43,64.43,64.43
"CG",2012,36.61,36.61,36.61
"CI",2012,28.11,28.11,28.11
"CL",2012,1.02,1.02,1.02
"CM",2012,28.47,28.47,28.47
"CN",2012,6.47,6.47,6.47
"CO",2012,7.09,7.09,7.09
"CR",2012,1.72,1.72,1.72
"CV",2012,6.77,6.77,6.77
"CZ",2012,0.06,0.06,0.06
"DJ",2012,18.32,18.32,18.32
"DO",2012,2.59,2.59,2.59
"EC",2012,5.88,5.88,5.88
"EE",2012,0.99,0.99,0.99
"ET",2012,26.45,26.45,26.45
"FJ",2012,4.56,4.56,4.56
"FM",2012,15.31,15.31,15.31
"GA",2012,7.25,7.25,7.25
"GE",2012,15.49,15.49,15.49
"GH",2012,13.09,13.09,13.09
"GM",2012,45.41,45.41,45.41
"GN",2012,35.27,35.27,35.27
"GT",2012,10.95,10.95,10.95
"GW",2012,66.23,66.23,66.23
"GY",2012,8.21,8.21,8.21
"HN",2012,21.36,21.36,21.36
"HR",2012,0.92,0.92,0.92
"HT",2012,53.91,53.91,53.91
"HU",2012,0.26,0.26,0.26
"ID",2012,11.76,11.76,11.76
"IN",2012,19.92,19.92,19.92
"IR",2012,0.09,0.09,0.09
"JM",2012,1.84,1.84,1.84
"KE",2012,26.34,26.34,26.34
"KG",2012,2.91,2.91,2.91
"KH",2012,2.17,2.17,2.17
"KI",2012,13.89,13.89,13.89
"KM",2012,14.34,14.34,14.34
"KZ",2012,0.06,0.06,0.06
"LA",2012,16.9,16.9,16.9
"LC",2012,29.03,29.03,29.03
"LK",2012,1.9,1.9,1.9
"LR",2012,57.97,57.97,57.97
"LS",2012,57.48,57.48,57.48
"LT",2012,1.03,1.03,1.03
"LV",2012,1.38,1.38,1.38
"MA",2012,1.66,1.66,1.66
"MD",2012,0.34,0.34,0.34
"ME",2012,1.26,1.26,1.26
"MG",2012,77.84,77.84,77.84
"MK",2012,2.3,2.3,2.3
"ML",2012,50.98,50.98,50.98
"MN",2012,0.38,0.38,0.38
"MR",2012,7.89,7.89,7.89
"MU",2012,0.53,0.53,0.53
"MV",2012,4.9,4.9,4.9
"MW",2012,71.05,71.05,71.05
"MX",2012,2.68,2.68,2.68
"MY",2012,0.11,0.11,0.11
"MZ",2012,62.2,62.2,62.2
"NA",2012,19.31,19.31,19.31
"NE",2012,46.57,46.57,46.57
"NG",2012,51.19,51.19,51.19
"NI",2012,8,8,8
"NP",2012,9.31,9.31,9.31
"PA",2012,4.41,4.41,4.41
"PE",2012,4.13,4.13,4.13
"PG",2012,33.19,33.19,33.19
"PH",2012,13.11,13.11,13.11
"PK",2012,6.81,6.81,6.81
"PL",2012,0.02,0.02,0.02
"PS",2012,0.08,0.08,0.08
"PY",2012,3.71,3.71,3.71
"RO",2012,0,0,0
"RS",2012,0.16,0.16,0.16
"RU",2012,0.04,0.04,0.04
"RW",2012,59.22,59.22,59.22
"SB",2012,33.51,33.51,33.51
"SC",2012,1.24,1.24,1.24
"SD",2012,9.52,9.52,9.52
"SI",2012,0.03,0.03,0.03
"SK",2012,0.24,0.24,0.24
"SL",2012,44.05,44.05,44.05
"SN",2012,37.69,37.69,37.69
"SR",2012,17.82,17.82,17.82
"SS",2012,73.81,73.81,73.81
"ST",2012,29.62,29.62,29.62
"SV",2012,4.16,4.16,4.16
"SZ",2012,41.44,41.44,41.44
"TD",2012,35.94,35.94,35.94
"TG",2012,52.93,52.93,52.93
"TH",2012,0.06,0.06,0.06
"TJ",2012,24.47,24.47,24.47
"TL",2012,22.52,22.52,22.52
"TM",2012,3.17,3.17,3.17
"TN",2012,1.32,1.32,1.32
"TO",2012,0.98,0.98,0.98
"TR",2012,0.26,0.26,0.26
"TT",2012,0.28,0.28,0.28
"TV",2012,2.13,2.13,2.13
"TZ",2012,46.52,46.52,46.52
"UA",2012,0,0,0
"UG",2012,34.82,34.82,34.82
"UY",2012,0.4,0.4,0.4
"UZ",2012,26.87,26.87,26.87
"VE",2012,8.23,8.23,8.23
"VN",2012,3.23,3.23,3.23
"VU",2012,14.72,14.72,14.72
"WS",2012,0.83,0.83,0.83
"XK",2012,0.56,0.56,0.56
"ZA",2012,16.22,16.22,16.22
"ZM",2012,61.83,61.83,61.83
"ZW",2012,18.31,18.31,18.31
"AL",2013,1.02,1.02,1.02
"AM",2013,2.44,2.44,2.44
"AO",2013,27.44,27.44,27.44
"AZ",2013,0.37,0.37,0.37
"BA",2013,0.07,0.07,0.07
"BD",2013,11.7,11.7,11.7
"BF",2013,45.11,45.11,45.11
"BG",2013,2.03,2.03,2.03
"BI",2013,75.28,75.28,75.28
"BJ",2013,50.11,50.11,50.11
"BO",2013,7.7,7.7,7.7
"BR",2013,4.87,4.87,4.87
"BT",2013,1.38,1.38,1.38
"BW",2013,13.04,13.04,13.04
"BY",2013,0,0,0
"BZ",2013,12.59,12.59,12.59
"CD",2013,75.89,75.89,75.89
"CF",2013,80.71,80.71,80.71
"CG",2013,36.33,36.33,36.33
"CI",2013,25.36,25.36,25.36
"CL",2013,0.92,0.92,0.92
"CM",2013,26.33,26.33,26.33
"CN",2013,1.85,1.85,1.85
"CO",2013,6.12,6.12,6.12
"CR",2013,1.68,1.68,1.68
"CV",2013,6.79,6.79,6.79
"CZ",2013,0.06,0.06,0.06
"DJ",2013,22.52,22.52,22.52
"DO",2013,2.32,2.32,2.32
"EC",2013,4.43,4.43,4.43
"EE",2013,0.98,0.98,0.98
"ET",2013,21.55,21.55,21.55
"FJ",2013,3.8,3.8,3.8
"FM",2013,17.37,17.37,17.37
"GA",2013,6.7,6.7,6.7
"GE",2013,11.49,11.49,11.49
"GH",2013,12.05,12.05,12.05
"GM",2013,45.01,45.01,45.01
"GN",2013,35.64,35.64,35.64
"GT",2013,10.14,10.14,10.14
"GW",2013,67.32,67.32,67.32
"GY",2013,7.57,7.57,7.57
"HN",2013,18.93,18.93,18.93
"HR",2013,0.92,0.92,0.92
"HT",2013,53.04,53.04,53.04
"HU",2013,0.26,0.26,0.26
"TJ",2013,22.56,22.56,22.56
"TL",2013,21.76,21.76,21.76
"TM",2013,2.06,2.06,2.06
"TN",2013,1.01,1.01,1.01
"TO",2013,0.98,0.98,0.98
"TR",2013,0.33,0.33,0.33
"TT",2013,0.27,0.27,0.27
"TV",2013,1.8,1.8,1.8
"TZ",2013,43.84,43.84,43.84
"UA",2013,0,0,0
"UG",2013,34.64,34.64,34.64
"UY",2013,0.34,0.34,0.34
"UZ",2013,23.17,23.17,23.17
"VE",2013,8.05,8.05,8.05
"VN",2013,3.18,3.18,3.18
"VU",2013,14.31,14.31,14.31
"WS",2013,1.12,1.12,1.12
"XK",2013,0.78,0.78,0.78
"ZA",2013,16.02,16.02,16.02
"ZM",2013,60.5,60.5,60.5
"ZW",2013,17.47,17.47,17.47
"AL",2014,1.02,,
"AM",2014,2.44,,
"AO",2014,27.44,,
"AZ",2014,0.37,,
"BA",2014,0.07,,
"BD",2014,11.7,,
"BF",2014,45.11,,
"BG",2014,2.03,,
"BI",2014,75.28,,
"BJ",2014,50.11,,
"BO",2014,7.7,,
"BR",2014,4.87,,
"BT",2014,1.38,,
"BW",2014,13.04,,
"BY",2014,0,,
"BZ",2014,12.59,,
"CD",2014,75.89,,
"CF",2014,80.71,,
"CG",2014,36.33,,
"CI",2014,25.36,,
"CL",2014,0.92,,
"CM",2014,26.33,,
"CN",2014,1.85,,
"CO",2014,6.12,,
"CR",2014,1.68,,
"CV",2014,6.79,,
"CZ",2014,0.06,,
"DJ",2014,22.52,,
"DO",2014,2.32,,
"EC",2014,4.43,,
"EE",2014,0.98,,
"ET",2014,21.55,,
"FJ",2014,3.8,,
"FM",2014,17.37,,
"GA",2014,6.7,,
"GE",2014,11.49,,
"GH",2014,12.05,,
"GM",2014,45.01,,
"GN",2014,35.64,,
"GT",2014,10.14,,
"GW",2014,67.32,,
"GY",2014,7.57,,
"HN",2014,18.93,,
"HR",2014,0.92,,
"HT",2014,53.04,,
"HU",2014,0.26,,
"ID",2014,9.83,,
"IN",2014,17.03,,
"IR",2014,0.08,,
"JM",2014,1.84,,
"KE",2014,25.05,,
"KG",2014,3.26,,
"KH",2014,1.69,,
"KI",2014,13.86,,
"KM",2014,13.96,,
"KZ",2014,0.04,,
"LA",2014,15.09,,
"LC",2014,29.3,,
"LK",2014,1.78,,
"LR",2014,54.08,,
"LS",2014,56.13,,
"LT",2014,1.02,,
"LV",2014,1.23,,
"MA",2014,1.35,,
"MD",2014,0.08,,
"ME",2014,1.04,,
"MG",2014,78.02,,
"MK",2014,2.19,,
"ML",2014,51.72,,
"MN",2014,0.31,,
"MR",2014,6.92,,
"MU",2014,0.5,,
"MV",2014,4.67,,
"MW",2014,70.3,,
"MX",2014,2.83,,
"MY",2014,0.09,,
"MZ",2014,59.95,,
"NA",2014,18.01,,
"NE",2014,47.03,,
"NG",2014,49.74,,
"NI",2014,6.97,,
"NP",2014,8.46,,
"PA",2014,2.86,,
"PE",2014,3.7,,
"PG",2014,31.49,,
"PH",2014,11.69,,
"PK",2014,6.99,,
"PL",2014,0.01,,
"PS",2014,0.27,,
"PY",2014,2.19,,
"RO",2014,0,,
"RS",2014,0.19,,
"RU",2014,0.03,,
"RW",2014,60.34,,
"SB",2014,33.05,,
"SC",2014,1.06,,
"SD",2014,9.27,,
"SI",2014,0.03,,
"SK",2014,0.24,,
"SL",2014,31.62,,
"SN",2014,37.52,,
"SR",2014,17.82,,
"SS",2014,70.51,,
"ST",2014,27.94,,
"SV",2014,3.25,,
"SZ",2014,41.06,,
"TD",2014,34.9,,
"TG",2014,51.9,,
"TH",2014,0.04,,
"TJ",2014,22.56,,
"TL",2014,21.76,,
"TM",2014,2.06,,
"TN",2014,1.01,,
"TO",2014,0.98,,
"TR",2014,0.33,,
"TT",2014,0.27,,
"TV",2014,1.8,,
"TZ",2014,43.84,,
"UA",2014,0,,
"UG",2014,34.64,,
"UY",2014,0.34,,
"UZ",2014,23.17,,
"VE",2014,8.05,,
"VN",2014,3.18,,
"VU",2014,14.31,,
"WS",2014,1.12,,
"XK",2014,0.78,,
"ZA",2014,16.02,,
"ZM",2014,60.5,,
"ZW",2014,17.47,,
"AL",2015,1.02,,
"AM",2015,2.44,,
"AO",2015,27.44,,
"AZ",2015,0.37,,
"BA",2015,0.07,,
"BD",2015,11.7,,
"BF",2015,45.11,,
"BG",2015,2.03,,
"BI",2015,75.28,,
"BJ",2015,50.11,,
"BO",2015,7.7,,
"BR",2015,4.87,,
"BT",2015,1.38,,
"BW",2015,13.04,,
"BY",2015,0,,
"BZ",2015,12.59,,
"CD",2015,75.89,,
"CF",2015,80.71,,
"CG",2015,36.33,,
"CI",2015,25.36,,
"CL",2015,0.92,,
"CM",2015,26.33,,
"CN",2015,1.85,,
"CO",2015,6.12,,
"CR",2015,1.68,,
"CV",2015,6.79,,
"CZ",2015,0.06,,
"DJ",2015,22.52,,
"DO",2015,2.32,,
"EC",2015,4.43,,
"EE",2015,0.98,,
"ET",2015,21.55,,
"FJ",2015,3.8,,
"FM",2015,17.37,,
"GA",2015,6.7,,
"GE",2015,11.49,,
"GH",2015,12.05,,
"GM",2015,45.01,,
"GN",2015,35.64,,
"GT",2015,10.14,,
"GW",2015,67.32,,
"GY",2015,7.57,,
"HN",2015,18.93,,
"HR",2015,0.92,,
"HT",2015,53.04,,
"HU",2015,0.26,,
"ID",2015,9.83,,
"IN",2015,17.03,,
"IR",2015,0.08,,
"JM",2015,1.84,,
"KE",2015,25.05,,
"KG",2015,3.26,,
"KH",2015,1.69,,
"KI",2015,13.86,,
"KM",2015,13.96,,
"KZ",2015,0.04,,
"LA",2015,15.09,,
"LC",2015,29.3,,
"LK",2015,1.78,,
"LR",2015,54.08,,
"LS",2015,56.13,,
"LT",2015,1.02,,
"LV",2015,1.23,,
"MA",2015,1.35,,
"MD",2015,0.08,,
"ME",2015,1.04,,
"MG",2015,78.02,,
"MK",2015,2.19,,
"ML",2015,51.72,,
"MN",2015,0.31,,
"MR",2015,6.92,,
"MU",2015,0.5,,
"MV",2015,4.67,,
"MW",2015,70.3,,
"MX",2015,2.83,,
"MY",2015,0.09,,
"MZ",2015,59.95,,
"NA",2015,18.01,,
"NE",2015,47.03,,
"NG",2015,49.74,,
"NI",2015,6.97,,
"NP",2015,8.46,,
"PA",2015,2.86,,
"PE",2015,3.7,,
"PG",2015,31.49,,
"PH",2015,11.69,,
"PK",2015,6.99,,
"PL",2015,0.01,,
"PS",2015,0.27,,
"PY",2015,2.19,,
"RO",2015,0,,
"RS",2015,0.19,,
"RU",2015,0.03,,
"RW",2015,60.34,,
"SB",2015,33.05,,
"SC",2015,1.06,,
"SD",2015,9.27,,
"SI",2015,0.03,,
"SK",2015,0.24,,
"SL",2015,31.62,,
"SN",2015,37.52,,
"SR",2015,17.82,,
"SS",2015,70.51,,
"ST",2015,27.94,,
"SV",2015,3.25,,
"SZ",2015,41.06,,
"TD",2015,34.9,,
"TG",2015,51.9,,
"TH",2015,0.04,,
"TJ",2015,22.56,,
"TL",2015,21.76,,
"TM",2015,2.06,,
"TN",2015,1.01,,
"TO",2015,0.98,,
"TR",2015,0.33,,
"TT",2015,0.27,,
"TV",2015,1.8,,
"TZ",2015,43.84,,
"UA",2015,0,,
"UG",2015,34.64,,
"UY",2015,0.34,,
"UZ",2015,23.17,,
"VE",2015,8.05,,
"VN",2015,3.18,,
"VU",2015,14.31,,
"WS",2015,1.12,,
"XK",2015,0.78,,
"ZA",2015,16.02,,
"ZM",2015,60.5,,
"ZW",2015,17.47,,
